drop_id,frame,time_s,x_px,y_px,x_um,y_um,source_video
drop1,0,0.0,1043.944449925999,86.41410952146029,2485.6317352738033,205.75199477059692,freefall
drop1,1,0.1,1043.8164424632134,86.20440648546294,2485.3269495049108,205.25269184188724,freefall
drop1,2,0.2,1043.8711637142912,86.34156459508877,2485.457240803727,205.57926530090634,freefall
drop1,3,0.3,1044.1471577899451,86.45393728222996,2486.114382697859,205.8468246689895,freefall
drop1,4,0.4,1044.2532848151063,86.39171911880409,2486.367071144768,205.69868322187253,freefall
drop1,5,0.5,1043.0367803030304,84.78361742424242,2483.470573901515,201.8697930871212,freefall
drop1,6,0.6,1043.7743652420754,86.6142958523892,2485.2267636413812,206.22863842453867,freefall
drop1,7,0.7,1043.9272252885098,86.7081585549423,2485.590723411942,206.4521255193176,freefall
drop1,8,0.8,1043.6865001182127,85.86872487981717,2485.0175567814645,204.45343393884465,freefall
drop1,9,0.9,1043.9381150229608,86.53551478043059,2485.6166518696696,206.0410606922052,freefall
drop1,10,1.0,1044.3225234045158,85.94464500601686,2486.5319282261516,204.63419975932612,freefall
drop1,11,1.1,1044.0711717051965,86.80001975894092,2485.933459830073,206.67084704603832,freefall
drop1,12,1.2,1044.235868900107,85.57226174085972,2486.325603851155,203.74755520498695,freefall
drop1,13,1.3,1044.0772293471518,86.49362757847982,2485.9478830755684,205.94132726436044,freefall
drop1,14,1.4,1044.029662903944,86.26520417449223,2485.8346273742904,205.39745113946597,freefall
drop1,15,1.5,1044.1166705318492,86.4096706864564,2486.0417925363327,205.74142590445265,freefall
drop1,16,1.6,1044.1764485631377,84.54033511185997,2486.1841240288304,201.29053790133858,freefall
drop1,17,1.7,1043.9328328487793,86.50035843721375,2485.604075012943,205.9573534390059,freefall
drop1,18,1.8,1044.255176025135,86.77171110932088,2486.371574115846,206.603444151293,freefall
drop1,19,1.9,1044.1882163963035,86.54118906913101,2486.2121432395984,206.05457117360092,freefall
drop1,20,2.0,1044.173528713811,86.67562490112324,2486.1771718675836,206.3746628895744,freefall
drop1,21,2.1,1044.302072949936,86.65807514697805,2486.4832356937973,206.33287692495472,freefall
drop1,22,2.2,1044.0711499609945,86.47042585962035,2485.9334080571275,205.88608397175602,freefall
drop1,23,2.3,1044.0402022147327,86.53300032097576,2485.8597214732786,206.03507376424326,freefall
drop1,24,2.4,1043.9921599219892,86.2961482203803,2485.745332774256,205.47112891272548,freefall
drop1,25,2.5,1044.2540012265813,86.52588679842523,2486.36877692049,206.01813646705045,freefall
drop1,26,2.6,1044.0665743416828,86.78365847784201,2485.9225135075467,206.6318908357418,freefall
drop1,27,2.7,1039.7687417015627,88.5493820855888,2475.689373991421,210.83607874578692,freefall
drop1,28,2.8,1059.8415093761491,87.19447849001102,2523.4826338246107,207.61005328471623,freefall
drop1,29,2.9,1059.5010509914598,88.32069203745351,2522.6720024106658,210.2915677411768,freefall
drop1,30,3.0,1059.3088813244624,86.82146062200216,2522.2144464335447,206.72189774098715,freefall
drop1,31,3.1,1039.390483173624,88.32064928826073,2474.7887404363987,210.29146595534877,freefall
drop1,32,3.2,1059.4230699198836,87.07620174799709,2522.4863294792426,207.32843636198106,freefall
drop1,33,3.3,1039.8842731128516,87.76659467617287,2475.9644542816995,208.97226192396758,freefall
drop1,34,3.4,1040.0740079028703,87.54645870554636,2476.416212816734,208.44811817790585,freefall
drop1,35,3.5,1060.1965322198532,87.6401474769012,2524.3279432154704,208.67119114250175,freefall
drop1,36,3.6,1039.9223729620373,89.75990717600857,2476.0551700226106,213.7183389860764,freefall
drop1,37,3.7,1061.1176470588234,87.53390001731802,2526.5211176470584,208.4182159412342,freefall
drop1,38,3.8,1061.1876255056604,87.56564127935741,2526.6877363289773,208.49379188614998,freefall
drop1,39,3.9,1061.0986121043184,87.23424935421258,2526.475795420382,207.70474771238014,freefall
drop1,40,4.0,1061.3362212008635,87.25494486130893,2527.0415426792556,207.75402371477654,freefall
drop1,41,4.1,1059.0220068838971,93.48507489536237,2521.531398390559,222.5879633258578,freefall
drop1,42,4.2,1059.456966820453,88.27882021726634,2522.5670379994986,210.19187093731114,freefall
drop1,43,4.3,1060.4745932948822,87.30745232913819,2524.9900066351142,207.879043995678,freefall
drop1,44,4.4,1059.3222145069972,90.34694477085782,2522.24619274116,215.11607549941243,freefall
drop1,45,4.5,1060.452195798294,87.17917533230852,2524.936678195738,207.57361646622655,freefall
drop1,46,4.6,1061.0498989223229,87.3715150016725,2526.3598093340506,208.03157721898222,freefall
drop1,47,4.7,1060.3572148018393,88.12787387781913,2524.710528443179,209.83246770308733,freefall
drop1,48,4.8,1039.6703842920026,88.88685147633414,2475.455184999258,211.63959336515157,freefall
drop1,49,4.9,1060.3412026460003,87.54065313801908,2524.6724035001266,208.43429512162342,freefall
drop1,50,5.0,1039.7115943506858,88.33012542701269,2475.5533061489828,210.3140286417172,freefall
drop1,51,5.1,1059.3582601675246,89.03906982108617,2522.3320174588757,212.00202524400615,freefall
drop1,52,5.2,1040.1025608292696,87.99620854290602,2476.4841973344905,209.5189725406592,freefall
drop1,53,5.3,1060.3651014129105,87.28125280043014,2524.7293064641394,207.81666291782415,freefall
drop1,54,5.4,1039.5911908275627,91.27805653309116,2475.2666253604266,217.33305260529002,freefall
drop1,55,5.5,1060.7143483917819,87.22041514115404,2525.5608635208323,207.67180845108774,freefall
drop1,56,5.6,1039.9431833746312,89.0274059593331,2476.1047196149966,211.97425358917206,freefall
drop1,57,5.7,1039.933250101979,88.98992570983572,2476.0810684928115,211.88501311511882,freefall
drop1,58,5.8,1060.6730682058567,87.05383639055937,2525.4625753981445,207.27518444592184,freefall
drop1,59,5.9,1059.5767342907075,87.1265709292607,2522.8522043461744,207.4483653825697,freefall
drop1,60,6.0,1040.627309635148,87.12278750686693,2477.7336242412875,207.43935705385013,freefall
drop1,61,6.1,1059.5180086391747,87.14598029770968,2522.7123785698745,207.49457908884673,freefall
drop1,62,6.2,1041.4598412753542,109.32080091692137,2479.715882076618,260.29282698318974,freefall
drop1,63,6.3,1060.9677287048603,109.48007047111244,2526.164162046272,260.6720477917187,freefall
drop1,64,6.4,1059.7662654303213,108.82240972182227,2523.3034779895947,259.1061575476588,freefall
drop1,65,6.5,1041.3798092934392,110.05312790310424,2479.5253259276783,262.03649753729115,freefall
drop1,66,6.6,1041.3748238650785,110.12139962716284,2479.5134556227517,262.1990525122747,freefall
drop1,67,6.7,1041.2866335674923,109.96168066339196,2479.303474524199,261.8187616595362,freefall
drop1,68,6.8,1041.339658230586,109.3312740644603,2479.4297262470254,260.31776354747996,freefall
drop1,69,6.9,1041.2446275133557,109.40607873307862,2479.2034581093,260.49587346346016,freefall
drop1,70,7.0,1041.3723416464356,110.51473846832928,2479.507545460163,263.135592293092,freefall
drop1,71,7.1,1047.0258414064504,110.08197233029732,2492.968528388758,262.1051761184379,freefall
drop1,72,7.2,1046.785443534821,109.96032297858024,2492.396141056409,261.8155290119995,freefall
drop1,73,7.3,1046.872077091189,109.99787115987816,2492.602415554121,261.9049312316699,freefall
drop1,74,7.4,1046.673958001909,109.93088950502249,2492.130694002545,261.74544791145854,freefall
drop1,75,7.5,1046.5850326310322,110.02200618747601,2491.918962694487,261.96239673238034,freefall
drop1,76,7.6,1046.7419462937312,110.40077521111657,2492.292574125374,262.86424577766854,freefall
drop1,77,7.7,1046.6449326316745,109.90312117225423,2492.0615845960165,261.6793315111373,freefall
drop1,78,7.8,1046.7517812834346,110.06882697079378,2492.315991235858,262.07387701745995,freefall
drop1,79,7.9,1046.7289354613602,110.03140265177949,2492.2615953334985,261.9847697138869,freefall
drop1,80,8.0,1046.9002200778737,110.06240054173014,2492.669424005417,262.0585756898594,freefall
drop1,81,8.1,1051.2393880342295,111.7444050400029,2503.0009829095,266.0634284002469,freefall
drop1,82,8.2,1051.3109077184374,110.94385733157199,2503.1712712775993,264.1573243064729,freefall
drop1,83,8.3,1051.3293174152532,111.5317390987843,2503.2151047657176,265.5570707942054,freefall
drop1,84,8.4,1051.2616805527086,111.47927945307885,2503.0540613959993,265.4321643777807,freefall
drop1,85,8.5,1051.3323310762821,111.11815190113168,2503.2222802926276,264.57231967659453,freefall
drop1,86,8.6,1051.2212199157098,111.46734050646668,2502.957724619305,265.40373774589716,freefall
drop1,87,8.7,1051.057028609511,110.5346908173466,2502.5667851192457,263.1830988361022,freefall
drop1,88,8.8,1051.3043785818766,111.53895403208402,2503.155725403448,265.57424955039204,freefall
drop1,89,8.9,1051.3163814297081,110.81386952339102,2503.184304184135,263.847823335194,freefall
drop1,90,9.0,1051.2718038107832,111.47674460539761,2503.0781648734746,265.4261289054517,freefall
drop1,91,9.1,1041.677819045606,96.5653491157613,2480.2348871475874,229.92209624462762,freefall
drop1,92,9.2,1061.1710069444443,87.27162782485875,2526.648167534722,207.79374585098867,freefall
drop1,93,9.3,1059.611970296726,87.14567798950566,2522.9361012765044,207.49385929301295,freefall
drop1,94,9.4,1059.485955186312,87.16192844016862,2522.6360592986084,207.53255161604147,freefall
drop1,95,9.5,1061.7157829317212,87.36041978586965,2527.9452791604276,208.00515951015564,freefall
drop1,96,9.6,1081.4091544644311,108.31660619161585,2574.8351967798103,257.9018393422373,freefall
drop1,97,9.7,1083.8659638271952,112.67749039452723,2580.6848598725514,268.2851046293693,freefall
drop1,98,9.8,1087.5234273193796,108.34991639278095,2589.3932804474425,257.9811509312114,freefall
drop1,99,9.9,1084.1997877543488,112.61699810824528,2581.4796946431043,268.141072495732,freefall
drop1,100,10.0,1101.8322582005228,108.75400539674509,2623.4626067754443,258.94328684965,freefall
drop1,101,10.1,1101.6658441134905,111.12464398304164,2623.066374834221,264.5877773236221,freefall
drop1,102,10.2,1086.2845812547414,110.3791811306007,2586.443587967539,262.81283027196025,freefall
drop1,103,10.3,1062.1144180614256,112.75990023061772,2528.894429404254,268.4813224491008,freefall
drop1,104,10.4,1054.1755288204222,112.30167779768692,2509.991934121425,267.3902948362925,freefall
drop1,105,10.5,1053.6303008129153,112.45227124612694,2508.693746235551,267.7488578370282,freefall
drop1,106,10.6,1053.5266803103357,112.39922762958595,2508.447025818909,267.6225609860441,freefall
drop1,107,10.7,1053.2744569305728,112.36566481882255,2507.8464819516935,267.5426479336165,freefall
drop1,108,10.8,1053.9877845317403,112.56901681231113,2509.5449149700735,268.02682903011276,freefall
drop1,109,10.9,1053.421685366217,112.42576526811602,2508.1970328569623,267.68574710338424,freefall
drop1,110,11.0,1053.4228513134406,112.07421576128539,2508.199808977302,266.8487077276205,freefall
drop1,111,11.1,1041.166383308849,105.82813660597857,2479.017158658369,251.97679325883496,freefall
drop1,112,11.2,1041.000025038392,104.81289644120986,2478.6210596164115,249.55950642652064,freefall
drop1,113,11.3,1040.875005178428,105.90134473416023,2478.323387329837,252.15110181203548,freefall
drop1,114,11.4,1041.166112072408,105.62482530280846,2479.016512844403,251.4927090459869,freefall
drop1,115,11.5,1041.0748408710217,106.48690117252931,2478.7991961139023,253.54531169179228,freefall
drop1,116,11.6,1040.5502066920164,106.4006014364888,2477.550042133691,253.3398320202798,freefall
drop1,117,11.7,1041.1267700048827,105.73066960184718,2478.9228393816256,251.74472432199812,freefall
drop1,118,11.8,1041.1551906158359,106.4660913280268,2478.990508856305,253.4957634520318,freefall
drop1,119,11.9,1041.056586906393,105.73900511312368,2478.7557334241214,251.76457117434745,freefall
drop1,120,12.0,1041.1836321135477,106.60159087851473,2479.0582280623566,253.81838788174355,freefall
drop1,121,12.1,1041.8161988549086,114.84073918912628,2480.564369473537,273.4358000093097,freefall
drop1,122,12.2,1042.0017563567633,112.15635141400092,2481.0061818854533,267.0442727167362,freefall
drop1,123,12.3,1042.0418929333118,112.25384877323154,2481.1017470742154,267.2764139290643,freefall
drop1,124,12.4,1042.0644914422567,112.8086054614699,2481.1555541240127,268.5972896037598,freefall
drop1,125,12.5,1041.719998902817,114.07501988644157,2480.335317387607,271.61262234961737,freefall
drop1,126,12.6,1042.2076729628022,112.89806773773338,2481.496469324432,268.81029928354315,freefall
drop1,127,12.7,1042.070359307895,111.59021579682225,2481.1695255120976,265.69630381223374,freefall
drop1,128,12.8,1042.2306064298607,113.51701833307374,2481.551073909498,270.28402065104854,freefall
drop1,129,12.9,1042.1223897085026,112.24942092509443,2481.2934098959445,267.2658712226498,freefall
drop1,130,13.0,1042.049460155145,111.6546486396261,2481.1197646294,265.8497184109497,freefall
drop1,131,13.1,1049.5228726730481,108.57988599740247,2498.9139598345273,258.52870855981524,freefall
drop1,132,13.2,1049.3962416205723,108.46182399843707,2498.6124512985825,258.2476029402786,freefall
drop1,133,13.3,1049.6099674442514,108.64539935867623,2499.121332484762,258.6846958730081,freefall
drop1,134,13.4,1049.6448370241353,109.02015426723065,2499.2043569544658,259.57698731027614,freefall
drop1,135,13.5,1049.8433959716715,108.42733175407804,2499.6771258085496,258.1654769064598,freefall
drop1,136,13.6,1049.4414728585966,108.56567549455187,2498.7201468763183,258.494873352528,freefall
drop1,137,13.7,1049.886462772938,109.19367821120125,2499.7796678623654,259.99014782087016,freefall
drop1,138,13.8,1049.5671621369488,109.22549909820262,2499.019413048075,260.0659133528204,freefall
drop1,139,13.9,1049.5041957082829,109.2678021471054,2498.8694899814213,260.16663691225796,freefall
drop1,140,14.0,1049.4881637955802,109.07752557744438,2498.8313179972765,259.71358839989506,freefall
drop1,141,14.1,1039.245720797973,91.30531428761105,2474.4440612199737,217.3979533188019,freefall
drop1,142,14.2,1060.3747193666547,86.81364468864469,2524.7522068120047,206.70328800366298,freefall
drop1,143,14.3,1057.7954439210328,85.28382897623072,2518.610951975979,203.06079679240534,freefall
drop1,144,14.4,1059.2825419251797,86.8183395785982,2522.1517323238527,206.7144665366423,freefall
drop1,145,14.5,1061.3406146738018,87.24050355294324,2527.052003538322,207.71963895955784,freefall
drop1,146,14.6,1081.9126800655567,107.87497627878892,2576.0340912360903,256.8503185197964,freefall
drop1,147,14.7,1083.136427236616,113.44933279493657,2578.9478332503827,270.12286138474394,freefall
drop1,148,14.8,1089.1029543294762,111.30235060651798,2593.154134258483,265.0108967941193,freefall
drop1,149,14.9,1084.2280890538034,112.69492578849722,2581.547080037106,268.3266183024119,freefall
drop1,150,15.0,1101.5640308204297,108.50981950759382,2622.823957383443,258.36188024758087,freefall
drop1,151,15.1,1101.4906102529374,111.17138035194083,2622.6491430122437,264.6990566179711,freefall
drop1,152,15.2,1086.324175759502,109.73906799910543,2586.537862483374,261.28872090587,freefall
drop1,153,15.3,1061.2144139406687,108.55882352941177,2526.7515195927317,258.4785588235294,freefall
drop1,154,15.4,1052.6191810901576,114.79907000774993,2506.286270175665,273.33658568845254,freefall
drop1,155,15.5,1053.0421432871765,114.95598652439571,2507.293343166767,273.71020391458615,freefall
drop1,156,15.6,1051.6685973220674,111.3249974447208,2504.022930223842,265.0648189158802,freefall
drop1,157,15.7,1052.5730547325745,114.88485628151152,2506.1764433182598,273.5408428062789,freefall
drop1,158,15.8,1051.6620349410878,111.33565500029022,2504.0073051947297,265.09019455569097,freefall
drop1,159,15.9,1052.913058704506,114.77907338711769,2506.9859927754287,273.2889737347272,freefall
drop1,160,16.0,1052.7179500479808,114.94046476644968,2506.5214390642423,273.67324660891666,freefall
drop1,161,16.1,1046.9640127140128,107.68381693381693,2492.8213142720642,256.3951681194181,freefall
drop1,162,16.2,1058.886854324125,105.70590158727192,2521.209600145741,251.68575167929444,freefall
drop1,163,16.3,1061.1991263196214,109.9386930264251,2526.715119767018,261.76402809591815,freefall
drop1,164,16.4,1059.6388955720872,108.72550982109345,2523.0002103571396,258.8754388840235,freefall
drop1,165,16.5,1045.9627931441728,107.81721102410654,2490.437410476275,256.71277944839767,freefall
drop1,166,16.6,1045.909953628815,107.17588698371617,2490.311599590208,255.18578690822818,freefall
drop1,167,16.7,1045.919853551672,107.60447947822782,2490.335171306531,256.2062656376604,freefall
drop1,168,16.8,1060.1193154397297,107.7226305824702,2524.144090061996,256.4875834168615,freefall
drop1,169,16.9,1045.8846583675888,106.83822629077869,2490.251371573229,254.38181679834403,freefall
drop1,170,17.0,1046.9659723842665,107.33520346566294,2492.8259802469383,255.56511945174344,freefall
drop1,171,17.1,1049.319403570728,108.73820384539925,2498.429499901903,258.9056633558956,freefall
drop1,172,17.2,1049.0782420979037,108.90237829483988,2497.8552944351086,259.2965627200137,freefall
drop1,173,17.3,1049.1623778421647,109.04041644158522,2498.0556216421937,259.6252315474144,freefall
drop1,174,17.4,1049.1838020859077,108.81716178142455,2498.106632766546,259.0936622015718,freefall
drop1,175,17.5,1048.8727134054068,109.3625864093655,2497.3659306182735,260.39231824069924,freefall
drop1,176,17.6,1049.349980670726,108.9683241519281,2498.502303976998,259.4535798057408,freefall
drop1,177,17.7,1049.277631292484,108.77838118967561,2498.3300401074043,259.0013256126176,freefall
drop1,178,17.8,1049.2357227567825,108.880133511022,2498.2302558838987,259.24359788974334,freefall
drop1,179,17.9,1049.2338913571762,108.95764500846855,2498.2258953214364,259.4281527651636,freefall
drop1,180,18.0,1049.3586698046138,109.02882988894609,2498.522992804785,259.59764396558063,freefall
drop1,181,18.1,1052.2620525641807,110.48065125922312,2505.4359471553144,263.05443064821026,freefall
drop1,182,18.2,1052.3589020699083,110.77973052138255,2505.6665458284515,263.7665383714118,freefall
drop1,183,18.3,1052.4435870570107,111.13661633281973,2505.8681807827425,264.61628348844374,freefall
drop1,184,18.4,1052.1147477997768,110.50228727172308,2505.085214511268,263.1059459939726,freefall
drop1,185,18.5,1052.4690554952108,111.5851436753234,2505.928821134097,265.684227090945,freefall
drop1,186,18.6,1052.0841256468889,110.565735948971,2505.012303165242,263.2570172944999,freefall
drop1,187,18.7,1052.3944266597982,111.61292023892753,2505.7511298769796,265.75036308888644,freefall
drop1,188,18.8,1052.2154934923415,111.54094988551908,2505.325090005265,265.57900167742093,freefall
drop1,189,18.9,1052.1220502010951,110.67601880118234,2505.102601528807,263.5196007656151,freefall
drop1,190,19.0,1052.1465576251035,110.83407188577056,2505.160953705371,263.89592516001966,freefall
drop1,191,19.1,1045.2342975162162,94.8704215655691,2488.7028623861106,225.88647374762002,freefall
drop1,192,19.2,1045.17332231908,94.83976435294885,2488.557680441729,225.8134789243712,freefall
drop1,193,19.3,1061.2375727687886,87.38162214213806,2526.8066607624855,208.0556423204307,freefall
drop1,194,19.4,1038.9707457195773,86.30681717964546,2473.7893455583135,205.49653170473584,freefall
drop1,195,19.5,1060.3442932728647,87.06780045351474,2524.6797622826907,207.30843287981855,freefall
drop1,196,19.6,1081.258610147012,108.80582708223885,2574.4767507600354,259.06667428281065,freefall
drop1,197,19.7,1083.061331556423,113.65549215406563,2578.769030435843,270.61372681883023,freefall
drop1,198,19.8,1089.4474413352068,111.3466311241842,2593.9743578191274,265.11632870668257,freefall
drop1,199,19.9,1084.5673505798395,112.65402914064823,2582.354861730598,268.22924338388344,freefall
drop1,200,20.0,1083.9253967822835,109.26284958941069,2580.826369738617,260.15484487238683,freefall
drop1,201,20.1,1081.4421527524607,112.21005286183012,2574.913765703609,267.1721358640175,freefall
drop1,202,20.2,1086.3143849732085,110.1929223340988,2586.5145506212093,262.36934807748924,freefall
drop1,203,20.3,1062.2139253989308,113.49862333695084,2529.131356374854,270.24022216527993,freefall
drop1,204,20.4,1054.2137347656887,112.14726306713584,2510.0829024771047,267.0226333628504,freefall
drop1,205,20.5,1054.0936279969517,112.46682689489418,2509.796928260742,267.78351483674305,freefall
drop1,206,20.6,1053.9290507146097,112.19068274586876,2509.4050697514854,267.1260156179135,freefall
drop1,207,20.7,1054.0711437812408,112.44695089679506,2509.7433933431344,267.736190085269,freefall
drop1,208,20.8,1053.6368985080899,112.03545329317551,2508.709455347762,266.7564142910509,freefall
drop1,209,20.9,1053.6941294390508,112.32723394832229,2508.84572219438,267.45114403095533,freefall
drop1,210,21.0,1053.842702976918,112.36519703922337,2509.1994757880416,267.5415341503908,freefall
drop1,211,21.1,1045.5970198705973,102.66112302467488,2489.566504311892,244.43613392175087,freefall
drop1,212,21.2,1045.472298551801,102.9036947642035,2489.269542851838,245.0136972335685,freefall
drop1,213,21.3,1045.7248603996493,102.80146753426554,2489.8708926115646,244.77029419908624,freefall
drop1,214,21.4,1045.9756877680816,103.85420980624168,2490.468112575802,247.27687354866143,freefall
drop1,215,21.5,1045.6930592647045,103.77567997617874,2489.795174109261,247.08989402328154,freefall
drop1,216,21.6,1045.7267852287962,103.89332220836809,2489.8754756297635,247.3700001781244,freefall
drop1,217,21.7,1045.732751196837,103.63436519033641,2489.8896805996687,246.75342351819097,freefall
drop1,218,21.8,1045.677150019103,103.59830589024628,2489.757294195484,246.66756632467636,freefall
drop1,219,21.9,1045.5226838009992,102.78040446433546,2489.3895101301787,244.72014302958272,freefall
drop1,220,22.0,1045.17340916707,101.86583572253043,2488.557887226794,242.54255485534495,freefall
drop1,221,22.1,1061.054778895648,87.17985201216659,2526.3714285505375,207.57522764096865,freefall
drop1,222,22.2,1047.0289805825244,108.12197087378641,2492.9760027669904,257.4384126504854,freefall
drop1,223,22.3,1047.313448839097,109.6557674385979,2493.6533216858898,261.09038227130156,freefall
drop1,224,22.4,1048.0582917637832,112.40456793081665,2495.4267926895677,267.6352762432744,freefall
drop1,225,22.5,1047.9019106217615,111.75520293609672,2495.054449190414,266.08913819084626,freefall
drop1,226,22.6,1047.0652844734948,108.86463971291394,2493.0624423313907,259.2067071564481,freefall
drop1,227,22.7,1047.4158628528526,110.8183363400315,2493.8971694526417,263.85845882561495,freefall
drop1,228,22.8,1047.5231857613228,110.44137045229819,2494.1527052977094,262.96090304692194,freefall
drop1,229,22.9,1047.5552396051758,110.35241650897561,2494.2290254999234,262.7491037078709,freefall
drop1,230,23.0,1047.54710100263,110.20032051282051,2494.2096474872615,262.3869631410256,freefall
drop1,231,23.1,1051.7087400500643,108.43185039005073,2504.118510059203,258.17623577871075,freefall
drop1,232,23.2,1051.5657128869063,108.2085622586085,2503.7779623837237,257.6445867377468,freefall
drop1,233,23.3,1051.6014445085852,108.35816026527407,2503.8630393749413,258.0007795916175,freefall
drop1,234,23.4,1051.8329732611319,108.99504783816391,2504.4143093347548,259.51720890266824,freefall
drop1,235,23.5,1051.38627072994,109.33479622110113,2503.350710607987,260.32614980244176,freefall
drop1,236,23.6,1051.3588154824174,108.15844532067273,2503.2853396636356,257.52525830852176,freefall
drop1,237,23.7,1051.304248336101,107.38020581351256,2503.1554152882563,255.67227004197338,freefall
drop1,238,23.8,1051.672980270545,108.36257552264343,2504.033366024167,258.011292319414,freefall
drop1,239,23.9,1051.4798402359913,107.40716327516218,2503.573499601895,255.73645575816113,freefall
drop1,240,24.0,1051.4726231796817,107.54300242068727,2503.556315790822,256.0598887636564,freefall
drop1,241,24.1,1042.3224961383999,89.78666666666666,2481.7698633055297,213.7820533333333,freefall
drop1,242,24.2,1040.563506839397,87.79704186383265,2477.581709784604,209.0447566777855,freefall
drop1,243,24.3,1053.1079511989903,98.77975839894225,2507.450031804796,235.19460474788147,freefall
drop1,244,24.4,1038.8348590787862,87.49756121002426,2473.4657994665895,208.33169324106774,freefall
drop1,245,24.5,1040.095032046948,86.78811152878816,2476.4662713037833,206.6424935500446,freefall
drop1,246,24.6,1060.700408004663,86.85015916665421,2525.5276714591023,206.79022897580364,freefall
drop1,247,24.7,1082.8071279759256,110.71611852062892,2578.1637717106787,263.61507819761744,freefall
drop1,248,24.8,1087.735929853181,109.94066068515497,2589.8992489804236,261.76871309135396,freefall
drop1,249,24.9,1084.4501122520335,112.54450517095432,2582.0757172720914,267.9684668120422,freefall
drop1,250,25.0,1101.5584462282009,108.45753355119135,2622.810660469346,258.23738738538657,freefall
drop1,251,25.1,1101.1964700076649,111.33864617129177,2621.94879508825,265.0973165338457,freefall
drop1,252,25.2,1086.5486631516187,109.63287232425733,2587.072366964004,261.0358690040567,freefall
drop1,253,25.3,1061.6621254390004,109.17956357267319,2527.81752067026,259.95654086653485,freefall
drop1,254,25.4,1053.4362790946261,114.8540926217899,2508.2317805243047,273.4675945324817,freefall
drop1,255,25.5,1052.5816761527294,111.36881581676153,2506.1969709196487,265.16915045970916,freefall
drop1,256,25.6,1053.3760609153417,114.64342501074344,2508.0884010394284,272.9659949505801,freefall
drop1,257,25.7,1053.3117607588774,114.7333403502309,2507.935302366887,273.1800833738998,freefall
drop1,258,25.8,1053.3376642049539,114.57262923991897,2507.9969784719947,272.797430220247,freefall
drop1,259,25.9,1053.513345022404,114.65204234041171,2508.415274498344,272.98651281252023,freefall
drop1,260,26.0,1053.3156066594802,114.6067526383732,2507.944459456222,272.87867803196656,freefall
drop1,261,26.1,1042.094195295958,114.14779772237377,2481.2262789996753,271.7859063769719,freefall
drop1,262,26.2,1060.1210351959296,106.92733861668833,2524.1481848015083,254.5939932463349,freefall
drop1,263,26.3,1060.694148960166,108.17640636982902,2525.5127686741553,257.5680235665629,freefall
drop1,264,26.4,1059.8490914748563,107.9089871854108,2523.5006868016326,256.9312984884631,freefall
drop1,265,26.5,1060.4034449449766,107.4547670419153,2524.820602413989,255.8498003268003,freefall
drop1,266,26.6,1082.037889305977,107.21174645618004,2576.3322144375306,255.27116831216463,freefall
drop1,267,26.7,1084.1208310000093,112.49415674430134,2581.2916986110217,267.84858720818147,freefall
drop1,268,26.8,1060.1446641808657,109.1836692311323,2524.2044454146408,259.96631643932596,freefall
drop1,269,26.9,1082.9513079768226,112.99062340476979,2578.5070642928144,269.03067432675687,freefall
drop1,270,27.0,1101.6402491184879,108.20445867846189,2623.005433151119,257.63481611341774,freefall
drop1,271,27.1,1088.5594294770206,109.72791336502905,2591.8600015847856,261.2621617221341,freefall
drop1,272,27.2,1088.7357497878531,108.58267668808341,2592.279820244878,258.5353531943266,freefall
drop1,273,27.3,1085.462706294639,90.73376017073497,2584.4867036875353,216.03708296651993,freefall
drop1,274,27.4,1102.326276338245,109.5099552709953,2624.638863961361,260.7432035002398,freefall
drop1,275,27.5,1099.6227282395482,112.57403162148748,2618.201715938364,268.03876929076165,freefall
drop1,276,27.6,1086.852951685643,104.67991617657,2587.7968779635153,249.24288041641316,freefall
drop1,277,27.7,1088.6026747873043,110.46306470348162,2591.962968668571,263.0125570589897,freefall
drop1,278,27.8,1091.0220754848126,109.6255925488288,2597.7235617293386,261.01853585876137,freefall
drop1,279,27.9,1089.1541225356953,110.60096228949917,2593.27596575749,263.3408912112975,freefall
drop1,280,28.0,1101.3931063759292,108.42548300925638,2622.4169862810872,258.1610750450394,freefall
drop1,281,28.1,1101.5402429132957,111.41030093796144,2622.767318376557,265.2679265332862,freefall
drop1,282,28.2,1087.7856539292086,109.87103323631584,2590.0176420054454,261.602930135668,freefall
drop1,283,28.3,1093.2204548698055,98.20238203355086,2602.957903045007,233.81987162188457,freefall
drop1,284,28.4,1100.7205196230902,114.69955696119817,2620.815557222578,273.09964512461283,freefall
drop1,285,28.5,1099.9216219732905,113.2312542140314,2618.9133819184044,269.60361628360874,freefall
drop1,286,28.6,1083.244032042013,106.96715072697756,2579.204040292033,254.68878588093355,freefall
drop1,287,28.7,1085.6363618652406,112.03928616655465,2584.900177601138,266.7655403625666,freefall
drop1,288,28.8,1090.1007433706868,110.22614556751358,2595.529869965605,262.4484525962498,freefall
drop1,289,28.9,1086.1579855949515,111.80264508147197,2586.142163701579,266.2020979389847,freefall
drop1,290,29.0,1100.227704898303,109.25432444556286,2619.6421653628595,260.1345465048851,freefall
drop1,291,29.1,1082.5929676842325,111.37348788045786,2577.653856056157,265.1802746433701,freefall
drop1,292,29.2,1086.4921680090224,110.12470808033629,2586.937852029482,262.20692993928066,freefall
drop1,293,29.3,1092.239511208917,122.62435367577335,2600.6222761884314,291.96858610201633,freefall
drop1,294,29.4,1100.9109575280268,114.59136630905024,2621.2689898742315,272.8420431818486,freefall
drop1,295,29.5,1099.7976357205594,113.26949462340067,2618.618170650652,269.694666698317,freefall
drop1,296,29.6,1082.0254941822743,108.05637787101519,2576.302701647995,257.2822357108871,freefall
drop1,297,29.7,1084.1074792554384,112.73755326306346,2581.2599081071985,268.42811431935405,freefall
drop1,298,29.8,1087.4904592596238,109.24189559932582,2589.314783497164,260.10495342199476,freefall
drop1,299,29.9,1084.454626645797,112.61858024123009,2582.0864660436423,268.14483955436884,freefall
drop1,300,30.0,1101.5941614436545,108.3987822319438,2622.895698397341,258.09750049425816,freefall
drop1,301,30.1,1101.3935261707989,110.82739987285441,2622.4179858126718,263.8800390972663,freefall
drop1,302,30.2,1086.4008122317966,110.25595655825404,2586.7203339239077,262.51943256520286,freefall
drop1,303,30.3,1061.8509689057862,112.73351696312533,2528.267156964677,268.41850388920136,freefall
drop1,304,30.4,1054.0132837283074,111.95817783168502,2509.6056285571,266.572421417242,freefall
drop1,305,30.5,1053.7544938228234,112.26939516365127,2508.9894497921423,267.31342988465366,freefall
drop1,306,30.6,1053.8290440540322,112.40104280819942,2509.1669538926503,267.6268829263228,freefall
drop1,307,30.7,1053.7686371080817,112.38903748041145,2509.0231249543426,267.5982982408596,freefall
drop1,308,30.8,1054.3210357101848,111.7296360087266,2510.3383860259496,266.028263336778,freefall
drop1,309,30.9,1053.8230115115405,112.38991149418638,2509.1525904089776,267.60037926765773,freefall
drop1,310,31.0,1054.4179991964645,112.31954313264076,2510.569256086782,267.4328321988176,freefall
drop1,311,31.1,1042.1593255333792,102.3245526496903,2481.3813540949754,243.6347598589126,freefall
drop1,312,31.2,1042.1517078488373,102.28318798449612,2481.3632163880816,243.53627059108524,freefall
drop1,313,31.3,1042.2618797381117,102.43859407305307,2481.625535656444,243.90629248793934,freefall
drop1,314,31.4,1042.2385828206486,102.45162829846498,2481.5700656959643,243.9373269786451,freefall
drop1,315,31.5,1042.288693989024,102.36436319149486,2481.689380387866,243.72954875894925,freefall
drop1,316,31.6,1042.1065489368275,102.28268890833891,2481.255693018586,243.53508229075493,freefall
drop1,317,31.7,1042.2748392018168,102.51173696711223,2481.6563921395255,244.0804457186942,freefall
drop1,318,31.8,1042.0995750842505,102.58209148186135,2481.2390882756004,244.24795981831187,freefall
drop1,319,31.9,1041.9213965856236,102.53039765099217,2480.8148452703695,244.12487680701233,freefall
drop1,320,32.0,1042.1647844294932,102.50088390773033,2481.394351726623,244.05460458430588,freefall
drop1,321,32.1,1051.0584122417995,104.4445343401654,2502.570079547724,248.6824362639338,freefall
drop1,322,32.2,1039.8380617324926,87.61794888815135,2475.8544249850647,208.61833630268833,freefall
drop1,323,32.3,1051.1241557709534,105.3253817274109,2502.7266148906397,250.77973389296534,freefall
drop1,324,32.4,1060.9708099941563,88.3873091888656,2526.1714985960857,210.45018317868897,freefall
drop1,325,32.5,1059.9961134571547,84.08156134384693,2523.850746141485,200.1981975596995,freefall
drop1,326,32.6,1082.0299681245754,107.99588928950898,2576.3133541046136,257.13821239832083,freefall
drop1,327,32.7,1083.971688194653,112.93001839891859,2580.936589591469,268.8863738078251,freefall
drop1,328,32.8,1089.1952426520847,110.60865345181135,2593.3738727546133,263.3592038687628,freefall
drop1,329,32.9,1085.1456481786909,112.61574855096367,2583.731788313463,268.1380972998445,freefall
drop1,330,33.0,1100.3283831263775,109.21397551447963,2619.881880223905,260.03847569997595,freefall
drop1,331,33.1,1101.5869094015268,111.19981848272917,2622.878431285035,264.76676780737813,freefall
drop1,332,33.2,1087.7582027320218,108.88879192271796,2589.952280704944,259.2642135679914,freefall
drop1,333,33.3,1090.7200643163728,112.956227658698,2597.0044731372836,268.9487780553599,freefall
drop1,334,33.4,1100.6811248084596,114.24706304614918,2620.721758168942,272.02225711288116,freefall
drop1,335,33.5,1099.7696939225978,113.08079903860303,2618.551641229705,269.24538251091377,freefall
drop1,336,33.6,1095.384943569053,114.35442451338531,2608.1115506379147,272.2778847663704,freefall
drop1,337,33.7,1085.685523456989,111.18244548161262,2585.0172313510902,264.72540269171964,freefall
drop1,338,33.8,1090.1920078638034,110.69837672532664,2595.7471707237155,263.5728349830027,freefall
drop1,339,33.9,1086.6689205863481,110.67531711169241,2587.358699916095,263.5179300429396,freefall
drop1,340,34.0,1100.272344356586,109.11212044562241,2619.748451913031,259.7959587810269,freefall
drop1,341,34.1,1082.5319945885753,111.76426250931814,2577.5086791153976,266.11070903468647,freefall
drop1,342,34.2,1086.7710984992402,110.13804853723404,2587.601985526691,262.23869356715426,freefall
drop1,343,34.3,1062.5019301395098,92.06876928672838,2529.8170956621725,219.21573967170025,freefall
drop1,344,34.4,1061.287061442043,87.22904586188719,2526.9244932935044,207.69235819715337,freefall
drop1,345,34.5,1039.2297544888238,88.9499328203249,2474.406045437889,211.78979004519357,freefall
drop1,346,34.6,1060.3821893491124,87.04389053254438,2524.7699928402362,207.25150335798816,freefall
drop1,347,34.7,1082.2793942191297,111.1009605754744,2576.9072376357476,264.5313871302045,freefall
drop1,348,34.8,1089.1412060923763,110.22313947248938,2593.2452117059474,262.4412950839972,freefall
drop1,349,34.9,1084.4673952203675,112.47756602710368,2582.1168680196947,267.80908471053385,freefall
drop1,350,35.0,1101.4599834282315,108.36446205489929,2622.576220542619,258.0157841527152,freefall
drop1,351,35.1,1101.5121083699107,111.02915738718676,2622.700330028757,264.36042373889165,freefall
drop1,352,35.2,1086.4294249010038,109.803941431071,2586.78846068929,261.44318454738004,freefall
drop1,353,35.3,1061.270241277114,108.3374515900289,2526.8844444808083,257.9514722358588,freefall
drop1,354,35.4,1060.0118499439468,107.5316446313917,2523.8882147165373,256.0328458673436,freefall
drop1,355,35.5,1053.3207040808272,114.91733101797037,2507.9565964164494,273.6181651537874,freefall
drop1,356,35.6,1052.7032838565613,115.82361749638775,2506.486518862472,275.7760332588992,freefall
drop1,357,35.7,1053.1907726734237,114.92551006976439,2507.6472297354217,273.637639476109,freefall
drop1,358,35.8,1053.1274769343677,114.70601803313063,2507.496522580729,273.115028936884,freefall
drop1,359,35.9,1053.1446028779424,114.65790127167932,2507.5372994523805,273.00046292786845,freefall
drop1,360,36.0,1053.2716829482606,114.67569907479196,2507.8398770998083,273.0428394970796,freefall
drop1,361,36.1,1040.527405020713,111.60196331834436,2477.4957513543177,265.72427466097787,freefall
drop1,362,36.2,1060.02871079504,106.5905269876003,2523.92836040299,253.79204475747628,freefall
drop1,363,36.3,1061.1435424491465,109.71772154252352,2526.5827745714178,261.23789499274847,freefall
drop1,364,36.4,1059.8714522660093,107.70033635715014,2523.553927845368,256.43450086637444,freefall
drop1,365,36.5,1060.301552447047,107.55064881081472,2524.577996376419,256.0780948185498,freefall
drop1,366,36.6,1082.143602023199,107.27073735717445,2576.5839164172367,255.41162564743234,freefall
drop1,367,36.7,1083.9894684661933,112.53768811320931,2580.978924418006,267.95223539755136,freefall
drop1,368,36.8,1060.26882488371,109.00070478785885,2524.5000720481135,259.5306780998919,freefall
drop1,369,36.9,1083.0650080182427,112.75245413843288,2578.7777840914355,268.46359330360866,freefall
drop1,370,37.0,1103.221241866108,108.5361199955884,2626.7697768832027,258.4245017094959,freefall
drop1,371,37.1,1087.9925389250006,109.18400025914009,2590.510235180426,259.9671046170125,freefall
drop1,372,37.2,1088.509174141664,109.15101763068358,2591.740343631302,259.8885729786576,freefall
drop1,373,37.3,1093.67208341161,97.38156517538445,2604.033230603043,231.86550668259036,freefall
drop1,374,37.4,1102.8569320398317,113.98492197926291,2625.902355186839,271.39809923262493,freefall
drop1,375,37.5,1101.3454346322342,112.92063638459766,2622.3034798593494,268.864035231727,freefall
drop1,376,37.6,1086.7263758075815,104.57336343115125,2587.495500797851,248.9891783295711,freefall
drop1,377,37.7,1088.611523393955,110.58948307163105,2591.9840372010067,263.3135591935535,freefall
drop1,378,37.8,1090.602849262009,109.45649813668241,2596.725384092843,260.6159220634408,freefall
drop1,379,37.9,1089.0387856150105,111.20992225503822,2593.0013485493396,264.790824889246,freefall
drop1,380,38.0,1088.6158258867163,106.49944468785344,2591.994281436271,253.575177801779,freefall
drop1,381,38.1,1083.9173379899855,111.14900000964776,2580.8071817541554,264.6457690229713,freefall
drop1,382,38.2,1087.4682774727921,109.41737696234229,2589.2619686627177,260.52277454733695,freefall
drop1,383,38.3,1085.904058809402,98.29632336817484,2585.537564025186,234.04354593962427,freefall
drop1,384,38.4,1102.8637855860477,113.93754808925365,2625.9186734803793,271.2853020005129,freefall
drop1,385,38.5,1101.1903866345144,113.05408960321215,2621.9343105767784,269.1817873452481,freefall
drop1,386,38.6,1083.1648295127034,107.08889283022214,2579.0154590697466,254.9786538287589,freefall
drop1,387,38.7,1084.7604540140296,112.73074824629774,2582.814641007404,268.4119115744349,freefall
drop1,388,38.8,1088.8612885944626,109.31066337396939,2592.5787281434154,260.2686894934211,freefall
drop1,389,38.9,1085.9680131872014,112.63793086531197,2585.6898393987262,268.1909133903078,freefall
drop1,390,39.0,1101.9512240858423,108.93451401187625,2623.7458645483903,259.37307786227734,freefall
drop1,391,39.1,1082.5404562023639,112.30650060753342,2577.5288262178283,267.40177794653704,freefall
drop1,392,39.2,1082.1347331583552,112.02827278169175,2576.5627996500434,266.73931749320803,freefall
drop1,393,39.3,1086.2434718477034,110.31142685934223,2586.3457064693816,262.65150735209386,freefall
drop1,394,39.4,1086.292131600138,110.12197170136892,2586.4615653399283,262.20041462095935,freefall
drop1,395,39.5,1086.2666474421824,109.94111540457928,2586.400887559836,261.76979577830326,freefall
drop1,396,39.6,1086.3129312756435,110.24858961208504,2586.511089367307,262.5018918663745,freefall
drop1,397,39.7,1086.375489162273,110.18312829525483,2586.660039695372,262.3460284710017,freefall
drop1,398,39.8,1086.3798878807143,110.18624515979889,2586.6705130439805,262.35344972548114,freefall
drop1,399,39.9,1086.244115865026,110.23343120805369,2586.3472398746267,262.46579970637583,freefall
drop1,400,40.0,1086.3858988599825,110.24446653025431,2586.684825185618,262.4920748085355,freefall
drop1,401,40.1,1086.3413275731216,110.13410006421857,2586.578700951602,262.2292922529044,freefall
drop1,402,40.2,1086.2392259925111,110.274600553527,2586.335597088169,262.56382391794773,freefall
drop1,403,40.3,1088.9502245508982,110.78534865752366,2592.7904846556885,263.7799151535638,freefall
drop1,404,40.4,1089.006237205349,110.68446445032383,2592.9238507859354,263.539709856221,freefall
drop1,405,40.5,1088.9141810754656,110.64884788299233,2592.7046651406836,263.4549068094047,freefall
drop1,406,40.6,1089.0040068689182,110.83813919099408,2592.918540354894,263.9056094137569,freefall
drop1,407,40.7,1089.2966268322834,110.9363277800671,2593.6152684876665,264.13939644433975,freefall
drop1,408,40.8,1088.9988762970402,110.78487065461675,2592.9063244632525,263.7787770286425,freefall
drop1,409,40.9,1089.0452530630191,110.71069174915922,2593.0167475430485,263.6021570547481,freefall
drop1,410,41.0,1088.9364566313845,110.73617721578935,2592.7577032393265,263.6628379507944,freefall
drop1,411,41.1,1089.153902304765,110.71530287437474,2593.2754413876455,263.61313614388627,freefall
drop1,412,41.2,1089.0782458846497,110.89751994408425,2593.095303451351,264.0469949868646,freefall
drop1,413,41.3,1089.0315105135003,110.83046456116782,2592.984026532644,263.88733612014056,freefall
drop1,414,41.4,1088.9070299649575,110.73427256907198,2592.6876383465633,263.65830298696034,freefall
drop1,415,41.5,1088.7797474963215,110.90564336228582,2592.3845787887412,264.0663368456025,freefall
drop1,416,41.6,1088.8854353385436,110.75458282545829,2592.6362215410722,263.7066617074162,freefall
drop1,417,41.7,1089.0498712162387,110.66333089156171,2593.027743365864,263.4893908528084,freefall
drop1,418,41.8,1088.986962190352,110.85983169373,2592.877956975228,263.9572592627711,freefall
drop1,419,41.9,1089.0604762579062,110.80806900783537,2593.0529939700746,263.834012307656,freefall
drop1,420,42.0,1089.0742136264994,110.75050676078506,2593.0857026446947,263.6969565974292,freefall
drop1,421,42.1,1089.265973784778,110.57963974903865,2593.542283581556,263.290122242461,freefall
drop1,422,42.2,1089.0788414837389,110.65192133707919,2593.096721572782,263.46222470358555,freefall
drop1,423,42.3,1088.9989570953894,110.6492323736994,2592.906516844122,263.45582228177824,freefall
drop1,424,42.4,1089.022319412422,110.69632288274583,2592.962142520976,263.5679447838178,freefall
drop1,425,42.5,1088.9351318831689,110.86239560232153,2592.754549013825,263.9633639291275,freefall
drop1,426,42.6,1088.9765571078374,110.75619392150796,2592.8531824737606,263.7104977271104,freefall
drop1,427,42.7,1089.1184349081273,110.70089565659792,2593.1909935162507,263.57883255835964,freefall
drop1,428,42.8,1088.9572445426782,110.78145758321153,2592.8071992561163,263.77065050562663,freefall
drop1,429,42.9,1089.1105918630778,110.64264712912941,2593.1723192259883,263.4401428144571,freefall
drop1,430,43.0,1089.0591575396165,110.7474281912998,2593.049854101827,263.68962652348483,freefall
drop1,431,43.1,1088.7399854675011,111.02994397956074,2592.28990539812,264.3622966153341,freefall
drop1,432,43.2,1088.9950329934013,110.61842831433714,2592.897173557288,263.3824778164367,freefall
drop1,433,43.3,1089.1667395854272,110.5934089323511,2593.306006952902,263.32290666792795,freefall
drop1,434,43.4,1088.9904584676656,110.50608050445666,2592.8862816115115,263.11497768111127,freefall
drop1,435,43.5,1088.9424409712265,110.61799780135742,2592.77195195249,263.381452765032,freefall
drop1,436,43.6,1089.0823446310774,110.52857159960253,2593.105062566595,263.16852897865357,freefall
drop1,437,43.7,1089.032991167343,110.68743136786823,2592.9875519694433,263.54677408689423,freefall
drop1,438,43.8,1089.0848609167872,110.8026038084849,2593.11105384287,263.8209996680025,freefall
drop1,439,43.9,1089.3432259996314,111.23988852036115,2593.726221105122,264.8621745669799,freefall
drop1,440,44.0,1088.767552171133,111.17592280416207,2592.3555417194675,264.70987219670985,freefall
drop1,441,44.1,1088.954928176403,110.7456864393733,2592.801683988015,263.6854794121478,freefall
drop1,442,44.2,1088.85239965922,110.68049507762211,2592.5575635886025,263.5302587798182,freefall
drop1,443,44.3,1089.042672770195,110.68848038921976,2593.010603865834,263.54927180673224,freefall
drop1,444,44.4,1089.063683284036,110.76273845306382,2593.0606298992893,263.7260802567449,freefall
drop1,445,44.5,1089.0074964131995,110.70057388809182,2592.926848959828,263.5780664275466,freefall
drop1,446,44.6,1088.942064184489,110.8502912117711,2592.771054823268,263.93454337522695,freefall
drop1,447,44.7,1088.830394872758,110.85864869940839,2592.5051701920365,263.95444255329136,freefall
drop1,448,44.8,1088.9573482182009,110.73354191109374,2592.807446107536,263.6565632903142,freefall
drop1,449,44.9,1089.1563661244086,110.51589614127806,2593.2813077422165,263.13834871238305,freefall
drop1,450,45.0,1089.1607682627055,110.72959081660257,2593.2917892335013,263.6471557343307,freefall
drop1,451,45.1,1089.1248564181105,110.61285536517661,2593.206283131521,263.3692086244855,freefall
drop1,452,45.2,1089.095388607147,110.73844793018044,2593.1361202736166,263.6682445217596,freefall
drop1,453,45.3,1089.1943980929677,110.73610250297973,2593.3718618593557,263.6626600595947,freefall
drop1,454,45.4,1088.9784255166646,110.61710667781627,2592.8576311551783,263.3793309998805,freefall
drop1,455,45.5,1088.7132850528315,111.03768253591358,2592.2263317107913,264.3807221180102,freefall
drop1,456,45.6,1089.2612871322522,110.86078905663524,2593.531124661892,263.9595387438485,freefall
drop1,457,45.7,1089.0024396020842,110.77565135007106,2592.9148086925625,263.75682586451916,freefall
drop1,458,45.8,1089.0612223054693,110.93902743586999,2593.054770309322,264.1458243248064,freefall
drop1,459,45.9,1089.0042508472175,110.65956617742563,2592.9191212672245,263.4804270684504,freefall
drop1,460,46.0,1088.703451846738,111.89505235300886,2592.2029188470833,266.4221196525141,freefall
drop1,461,46.1,1088.9205761170283,110.93679573492918,2592.719891734644,264.14051064486637,freefall
drop1,462,46.2,1088.9799490923062,110.5932907501681,2592.861258788781,263.32262527615023,freefall
drop1,463,46.3,1088.8898461464723,110.77573811349693,2592.6467236747503,263.75703244823615,freefall
drop1,464,46.4,1088.9217211419113,110.87520539038951,2592.7226180388907,263.9938640345174,freefall
drop1,465,46.5,1088.8177563449372,110.69697149221545,2592.475077857295,263.56948912296497,freefall
drop1,466,46.6,1088.9240300082054,111.29222834368773,2592.7281154495367,264.9867956863205,freefall
drop1,467,46.7,1089.036158918327,110.6417434359304,2592.995094384536,263.43799112095024,freefall
drop1,468,46.8,1088.9556442721691,110.48531340304292,2592.8033890120346,263.06553121264517,freefall
drop1,469,46.9,1088.9964513334203,110.60818685687836,2592.9005506248736,263.35809290622734,freefall
drop1,470,47.0,1089.1079174102658,110.5740151989694,2593.1659513538425,263.2767301887461,freefall
drop1,471,47.1,1089.0170171125803,110.68711663762858,2592.9495177450535,263.5460247141936,freefall
drop1,472,47.2,1089.040046403163,110.70569504125383,2593.004350485931,263.5902598932254,freefall
drop1,473,47.3,1088.8955010006987,110.86178515176277,2592.660187882663,263.96191044634713,freefall
drop1,474,47.4,1088.912230814991,110.7126234384295,2592.7000215704934,263.6067564069006,freefall
drop1,475,47.5,1088.952089268756,110.82831196581196,2592.794924548908,263.88221079059826,freefall
drop1,476,47.6,1088.855340987122,110.817043934995,2592.564566890337,263.85538160922306,freefall
drop1,477,47.7,1088.927264100587,110.8460708143052,2592.7358158234974,263.92449460886064,freefall
drop1,478,47.8,1089.1715080234503,110.67447543608326,2593.317360603835,263.5159260133142,freefall
drop1,479,47.9,1088.9532316768561,110.90071841472988,2592.7976446225944,264.0546105454718,freefall
drop1,480,48.0,1088.9946215950745,110.917407345296,2592.896194017872,264.09434688914973,freefall
drop1,481,48.1,1090.1477914154636,110.9480099920736,2595.641891360219,264.1672117911272,freefall
drop1,482,48.2,1090.1486625701439,110.95033269097917,2595.6439655795125,264.17274213722135,freefall
drop1,483,48.3,1088.242122938136,109.4897441806868,2591.1044947157015,260.69508089421527,freefall
drop1,484,48.4,1088.1167830798354,109.38855887024827,2590.8060605130877,260.45415867006113,freefall
drop1,485,48.5,1087.9133356305995,109.64047424190214,2590.321652136457,261.053969169969,freefall
drop1,486,48.6,1088.0682870871392,109.41818535994113,2590.690591554478,260.5246993420198,freefall
drop1,487,48.7,1088.0094716071037,109.35158956369217,2590.5505518965138,260.36613475115104,freefall
drop1,488,48.8,1088.0726165758283,109.38408383078121,2590.700900067047,260.44350360109,freefall
drop1,489,48.9,1088.1274905586665,109.2143399748231,2590.8315550201846,260.0393434800538,freefall
drop1,490,49.0,1088.1680125714784,109.18234100135318,2590.9280379326897,259.9631539242219,freefall
drop1,491,49.1,1087.9728619153675,110.04112472160357,2590.46338422049,262.0079179621381,freefall
drop1,492,49.2,1087.9983844558453,109.38563475603101,2590.5241533893677,260.4471963541098,freefall
drop1,493,49.3,1087.971289757398,109.49030989003901,2590.459640912364,260.69642784818285,freefall
drop1,494,49.4,1088.0165075812197,109.34696051739537,2590.567304550884,260.35511299191836,freefall
drop1,495,49.5,1087.9063781124585,109.57704008975963,2590.3050862857635,260.90293245371765,freefall
drop1,496,49.6,1087.8012447556928,109.67963020294002,2590.0547637633044,261.1471995132002,freefall
drop1,497,49.7,1087.860579418814,109.93889925888291,2590.196039596196,261.7645191354002,freefall
drop1,498,49.8,1087.9246292297405,110.15660590382444,2590.3485421960117,262.282878657006,freefall
drop1,499,49.9,1087.991608686954,110.01870540378331,2590.508020283637,261.954537566408,freefall
drop1,500,50.0,1088.1518471695463,109.49453791046712,2590.8895481106892,260.7064947648222,freefall
drop1,501,50.1,1087.9727286773796,110.05034875507681,2590.4630669808407,262.0298803858379,freefall
drop1,502,50.2,1088.0389770255213,109.3501459118162,2590.620804297766,260.36269741603434,freefall
drop1,503,50.3,1088.4207624147384,109.71785554918085,2591.529835309492,261.2382140625996,freefall
drop1,504,50.4,1088.255413823791,109.24104759079543,2591.1361403144465,260.1029343136839,freefall
drop1,505,50.5,1087.958226880664,110.08552243694726,2590.4285382028606,262.1136289223714,freefall
drop1,506,50.6,1088.1925064179638,109.97114353491698,2590.9863577811716,261.8412927566373,freefall
drop1,507,50.7,1088.3619827432562,109.08242558946563,2591.3898809116927,259.7252553285176,freefall
drop1,508,50.8,1088.2389310665542,109.99985940778232,2591.0968948694654,261.9096652499297,freefall
drop1,509,50.9,1088.1711206566765,109.98615164333104,2590.935438283547,261.87702706277116,freefall
drop1,510,51.0,1088.581738748675,109.2429194016426,2591.913119960595,260.107391095311,freefall
drop1,511,51.1,1088.1704825564611,109.9016233261531,2590.9339189669336,261.6757651395705,freefall
drop1,512,51.2,1088.373859372335,109.16526309056798,2591.4181591655292,259.9224914186423,freefall
drop1,513,51.3,1088.2588529474356,109.10685252181315,2591.144328867844,259.78341585443707,freefall
drop1,514,51.4,1088.2813333755155,108.9755871218113,2591.197854767102,259.4708729370327,freefall
drop1,515,51.5,1088.3100280683848,108.83860678744577,2591.266176830824,259.14472276090834,freefall
drop1,516,51.6,1088.383728215966,108.71675711266633,2591.4416568822144,258.8545986852585,freefall
drop1,517,51.7,1088.1380489923006,109.2704214015653,2590.8566946506676,260.17287335712695,freefall
drop1,518,51.8,1088.2468289448354,109.05520737524331,2591.115699717653,259.6604487604543,freefall
drop1,519,51.9,1088.2474217851018,108.95618663019171,2591.1171112703273,259.4246803664864,freefall
drop1,520,52.0,1087.9958900706818,109.58915385136508,2590.518214258293,260.93177532010026,freefall
drop1,521,52.1,1088.198947139911,109.04374253771844,2591.001693140128,259.6331509823076,freefall
drop1,522,52.2,1088.3010993287285,108.90974046329626,2591.2449175017023,259.31409204310836,freefall
drop1,523,52.3,1087.674934822305,109.77552485196483,2589.7540198119077,261.37552467252823,freefall
drop1,524,52.4,1088.3444293404382,109.22235876243815,2591.348086259583,260.0584362133652,freefall
drop1,525,52.5,1088.1001570708986,109.1683041759194,2590.766473985809,259.9297322428641,freefall
drop1,526,52.6,1088.1851309264143,108.9846556195809,2590.9687967357922,259.4924650302221,freefall
drop1,527,52.7,1087.9521621835174,109.98215394340284,2590.414098158955,261.8675085392421,freefall
drop1,528,52.8,1088.062552850594,109.78051982731763,2590.6769383372643,261.38741770884326,freefall
drop1,529,52.9,1088.0252348540248,109.93122574112617,2590.5880841874327,261.7462484896214,freefall
drop1,530,53.0,1088.0602557422603,109.11461725500412,2590.6714689223218,259.8019036841648,freefall
drop1,531,53.1,1087.9668924507635,109.91400084948472,2590.4491709252675,261.7052360226231,freefall
drop1,532,53.2,1088.4252268699995,109.69770713633679,2591.5404651774684,261.1902406916179,freefall
drop1,533,53.3,1088.2080673653181,109.03511319670976,2591.023408396822,259.61260452136594,freefall
drop1,534,53.4,1088.0801767883452,109.32614175806188,2590.7189009330496,260.3055435259453,freefall
drop1,535,53.5,1088.0330892263455,109.83978794141433,2590.6067854479284,261.5285350885075,freefall
drop1,536,53.6,1087.8747453491235,109.94865566724127,2590.2297686762627,261.78774914370143,freefall
drop1,537,53.7,1088.082540967024,109.90642210083845,2590.724530042484,261.68719102209633,freefall
drop1,538,53.8,1088.1803385416667,109.18754340277778,2590.9573860677083,259.97554084201386,freefall
drop1,539,53.9,1088.1619662970402,109.24325504234699,2590.9136417532523,260.10819025582816,freefall
drop1,540,54.0,1088.0617093829062,109.17839621603784,2590.6749300406996,259.9537613903861,freefall
drop1,541,54.1,1088.1248475875284,109.25297204319804,2590.825262105905,260.13132643485454,freefall
drop1,542,54.2,1088.2688931380644,109.15254660814394,2591.168234561731,259.8922134739907,freefall
drop1,543,54.3,1088.055504984098,109.96098131103693,2590.660157367137,261.81709650157893,freefall
drop1,544,54.4,1087.8565620660927,110.00331019161344,2590.1864742793664,261.9178815662316,freefall
drop1,545,54.5,1088.4221875443325,109.54707159771708,2591.5332285430554,260.83157747416436,freefall
drop1,546,54.6,1088.205176850277,109.24030703475947,2591.0165260805093,260.1011710497623,freefall
drop1,547,54.7,1088.1329039415,109.8876638518485,2590.8444442847112,261.64252763125126,freefall
drop1,548,54.8,1087.9649608737263,109.98147835388167,2590.444571840342,261.86589996059223,freefall
drop1,549,54.9,1088.046839119276,109.89995047052997,2590.6395239429958,261.67178207033186,freefall
drop1,550,55.0,1088.3077633394153,110.47891727114948,2591.2607845111474,263.0503020226069,freefall
drop1,551,55.1,1087.770039713354,110.19537195216648,2589.9804645574955,262.37518061810835,freefall
drop1,552,55.2,1088.0837788499152,109.15840831051419,2590.727477441648,259.9061701873343,freefall
drop1,553,55.3,1088.1512385776828,109.12968765352576,2590.8880990534626,259.8377863030448,freefall
drop1,554,55.4,1088.1361538968602,109.209355979873,2590.852182428424,260.0274765880776,freefall
drop1,555,55.5,1088.3060223244174,109.18864901054758,2591.256639154438,259.9781732941138,freefall
drop1,556,55.6,1087.946797996361,109.96637390776972,2590.4013260293355,261.8299362743997,freefall
drop1,557,55.7,1088.324830190317,109.4490245437382,2591.3014206831444,260.59812743864063,freefall
drop1,558,55.8,1088.2358711902139,109.25661563308199,2591.089609303899,260.1400018223682,freefall
drop1,559,55.9,1088.1964584724153,109.13905639521522,2590.9957676228205,259.8600932770074,freefall
drop1,560,56.0,1088.1199292220983,109.15544924306967,2590.813551477816,259.89912464774886,freefall
drop1,561,56.1,1087.9915494862087,109.79048359473589,2590.5078793266625,261.4111414390661,freefall
drop1,562,56.2,1087.996566388761,109.94666681627936,2590.5198245716397,261.78301368956113,freefall
drop1,563,56.3,1087.950671746541,110.00550319720162,2590.410549428514,261.92310311253704,freefall
drop1,564,56.4,1088.1285538240074,109.21542689510017,2590.8340866549615,260.0419314372335,freefall
drop1,565,56.5,1087.980056022409,109.85894677871148,2590.4805133893556,261.574152280112,freefall
drop1,566,56.6,1088.1075325372933,109.7813091014895,2590.784034971295,261.38929697064646,freefall
drop1,567,56.7,1087.9844832579588,109.995488671553,2590.4910546372,261.8992585269677,freefall
drop1,568,56.8,1088.0393357036771,109.9368445924659,2590.621658310455,261.7596269746613,freefall
drop1,569,56.9,1088.0245246034608,110.11780145998559,2590.58639308084,262.1904852762257,freefall
drop1,570,57.0,1088.0812998962608,109.91544134229399,2590.7215750529967,261.70866583600196,freefall
drop1,571,57.1,1088.0923259644367,109.95809476856883,2590.7478281213234,261.81022364396233,freefall
drop1,572,57.2,1088.2295161381176,109.96793781332732,2591.0744779248575,261.8336599335323,freefall
drop1,573,57.3,1088.0365558370513,109.87546801784633,2590.6150394480187,261.6134893504921,freefall
drop1,574,57.4,1088.0266228705043,109.92245852354972,2590.5913890546703,261.72537374457187,freefall
drop1,575,57.5,1088.065012406948,109.87153169411233,2590.6827945409427,261.60411696368146,freefall
drop1,576,57.6,1088.0643773924792,109.95215041657285,2590.681282571493,261.79607014185996,freefall
drop1,577,57.7,1088.0011699033994,109.87741640761664,2590.5307855399938,261.6181284665352,freefall
drop1,578,57.8,1087.6723555458373,110.12825671021702,2589.747878554638,262.2153792270267,freefall
drop1,579,57.9,1088.0699454780506,109.90967343038615,2590.694540183238,261.6949324377494,freefall
drop1,580,58.0,1087.960801521135,109.89876351526198,2590.434668421822,261.6689559298387,freefall
drop1,581,58.1,1087.9950312370313,109.85558060500017,2590.516169375371,261.56613742050536,freefall
drop1,582,58.2,1088.3642246986385,109.66916355910155,2591.395219007458,261.1222784342208,freefall
drop1,583,58.3,1088.0916689948035,109.66228976923506,2590.746263876627,261.10591194054865,freefall
drop1,584,58.4,1088.1846820304656,109.12298677491161,2590.9677279145385,259.82183151106454,freefall
drop1,585,58.5,1088.1188427678542,109.831521920135,2590.8109646302605,261.5088536918414,freefall
drop1,586,58.6,1088.1182556121591,109.87086155740917,2590.8095666125505,261.6025213681912,freefall
drop1,587,58.7,1087.7513831220153,110.19598588491979,2589.936043213518,262.376642391994,freefall
drop1,588,58.8,1088.008832100426,109.86960322797579,2590.5490292311138,261.59952528581033,freefall
drop1,589,58.9,1088.0245222787748,109.92158898115903,2590.5863875457626,261.7233033641396,freefall
drop1,590,59.0,1087.1113759947325,110.64094268296836,2588.4121862434577,263.43608452814766,freefall
drop1,591,59.1,1087.2291510225716,109.15377225142453,2588.6926085847426,259.89513173064176,freefall
drop1,592,59.2,1087.2529766831087,109.2274527979166,2588.7493374824817,260.0705651118394,freefall
drop1,593,59.3,1087.0415939595473,109.41929784128448,2588.2460352176818,260.5273481600983,freefall
drop1,594,59.4,1087.2141930984887,109.18832605118929,2588.6569937675013,259.9774043278817,freefall
drop1,595,59.5,1087.1278030336146,109.18335008960965,2588.451299023036,259.96555656336056,freefall
drop1,596,59.6,1088.8426816175593,110.96031253727783,2592.5344249314085,264.19650415125847,freefall
drop1,597,59.7,1088.9688652439393,110.65586119339822,2592.834868145819,263.4716055014811,freefall
drop1,598,59.8,1089.1569141263583,110.64268198865275,2593.282612534859,263.44022581498217,freefall
drop1,599,59.9,1088.9304622725917,110.88090665076051,2592.7434306710406,264.00743873546077,freefall
drop1,600,60.0,1089.103990081423,110.69728073626361,2593.156600383868,263.5702254330436,freefall
drop1,601,60.1,1088.9884281465847,110.77822812739831,2592.881447417018,263.76296117133535,freefall
drop1,602,60.2,1088.9819063899456,110.8080608657967,2592.86591911446,263.8339929214619,freefall
drop1,603,60.3,1088.944813103738,110.7662566748665,2592.7776,263.7344571428571,freefall
drop1,604,60.4,1088.9875484525016,110.78813286421374,2592.879352865406,263.78654434969286,freefall
drop1,605,60.5,1089.0965379333607,110.819753294625,2593.1388568193315,263.8618325945021,freefall
drop1,606,60.6,1089.1162203316092,110.75414511528979,2593.185720609561,263.705619519505,freefall
drop1,607,60.7,1088.66025254139,111.15821114543023,2592.1000613010497,264.66770073726934,freefall
drop1,608,60.8,1088.9950790606795,110.92737996164561,2592.8972832434774,264.1180916886782,freefall
drop1,609,60.9,1089.1890376718443,110.68337796821996,2593.359098696661,263.5371229423317,freefall
drop1,610,61.0,1089.041962125636,110.8231179015362,2593.008911821139,263.86984372355766,freefall
drop1,611,61.1,1089.046826900308,110.85130239166469,2593.020494849633,263.9369509945536,freefall
drop1,612,61.2,1089.1131041532938,110.68789672633906,2593.1783009889923,263.5478821054133,freefall
drop1,613,61.3,1089.454471123395,111.56723671330684,2593.9910957448033,265.6415906143836,freefall
drop1,614,61.4,1089.0133485616388,110.85798415304447,2592.940782925262,263.95286026839887,freefall
drop1,615,61.5,1088.877826061075,110.97472468599321,2592.618103851419,264.2308194773498,freefall
drop1,616,61.6,1089.154380041268,111.19073579065841,2593.276578878259,264.74514191755765,freefall
drop1,617,61.7,1088.9842946853596,110.84490556630539,2592.871605645841,263.9217201533731,freefall
drop1,618,61.8,1088.8598504154468,110.8056467576185,2592.5753038391786,263.82824492988965,freefall
drop1,619,61.9,1088.8549555190625,111.02125397256714,2592.563649090888,264.3416057086823,freefall
drop1,620,62.0,1089.0694795797103,110.70842108978809,2593.07443087929,263.59675061478544,freefall
drop1,621,62.1,1089.0958440455693,110.77692997146025,2593.1372046725,263.75987026204683,freefall
drop1,622,62.2,1089.0234995793212,110.74184350752547,2592.9649524983633,263.6763293914181,freefall
drop1,623,62.3,1088.9867451447524,110.7967511006785,2592.8774401896553,263.8070643707155,freefall
drop1,624,62.4,1088.9028360049322,110.84339146262698,2592.6776525277432,263.9181150725148,freefall
drop1,625,62.5,1089.0338981098607,111.01362604959743,2592.989711399578,264.32344362409145,freefall
drop1,626,62.6,1088.9807262829759,110.8670148420416,2592.8631092797655,263.974362338901,freefall
drop1,627,62.7,1089.029428621557,110.77448973624189,2592.979069547927,263.75406006199194,freefall
drop1,628,62.8,1088.8434949424486,110.78436228345541,2592.53636145797,263.7775665969073,freefall
drop1,629,62.9,1088.6503774657033,110.94311922349912,2592.0765487458393,264.1555668711514,freefall
drop1,630,63.0,1088.7590548769715,111.12159153818067,2592.335309662069,264.58050945240814,freefall
drop1,631,63.1,1088.9119724151005,110.84101950375619,2592.6994063203542,263.91246743844346,freefall
drop1,632,63.2,1089.3298855477358,111.16698656429942,2593.6944574891586,264.6885950095969,freefall
drop1,633,63.3,1088.8016695384902,110.85940483397755,2592.4367751711447,263.9562429097005,freefall
drop1,634,63.4,1088.6827143566345,110.95127774757098,2592.1535428831467,264.1749923169665,freefall
drop1,635,63.5,1088.9734803051383,110.76216235666651,2592.845856606534,263.72470857122295,freefall
drop1,636,63.6,1089.000609634571,111.03310784670035,2592.910451539913,264.3698297829935,freefall
drop1,637,63.7,1089.1858054412864,110.14531133133882,2593.351402755703,262.2559862799177,freefall
drop1,638,63.8,1089.1797778672958,110.11821373079357,2593.337051102031,262.1914668930195,freefall
drop1,639,63.9,1088.8845826137017,110.48453655728267,2592.6341912032235,263.06368154289,freefall
drop1,640,64.0,1088.9916020747814,110.74071111842957,2592.8890045400544,263.6736331729808,freefall
drop1,641,64.1,1088.9662338574656,110.6280689840887,2592.8286028146254,263.40543225111514,freefall
drop1,642,64.2,1089.0223313609467,110.8687100591716,2592.962170970414,263.9783986508876,freefall
drop1,643,64.3,1089.3316567080572,110.12077537111381,2593.698674621884,262.19756615862195,freefall
drop1,644,64.4,1088.9333099086437,110.89777465448583,2592.7502108924805,264.04760145233075,freefall
drop1,645,64.5,1089.2222496764325,111.22710907165549,2593.4381764795858,264.8317466996117,freefall
drop1,646,64.6,1088.997410342001,110.82406956439101,2592.9028340243044,263.87210963281495,freefall
drop1,647,64.7,1088.9897074565067,110.86075070871513,2592.8844934539425,263.9594474374507,freefall
drop1,648,64.8,1088.9506127436441,110.82400673840058,2592.7914089426163,263.87196004413175,freefall
drop1,649,64.9,1089.0742388482417,110.75599480764691,2593.0857626976635,263.7100236370073,freefall
drop1,650,65.0,1089.2876393355696,110.0014293783357,2593.5938692579907,261.91340334981726,freefall
drop1,651,65.1,1088.8000469952417,111.00076367267815,2592.4329118956703,264.29281830464663,freefall
drop1,652,65.2,1088.9342731298286,110.7602930092331,2592.7525043221217,263.720257654984,freefall
drop1,653,65.3,1089.096205071436,110.32732556128273,2593.138064275089,262.6893621614142,freefall
drop1,654,65.4,1089.0085610956305,110.79581431197012,2592.929383968696,263.80483387680084,freefall
drop1,655,65.5,1088.9020898197944,110.84883007830928,2592.6758758609303,263.9310644164544,freefall
drop1,656,65.6,1088.9306801019445,110.96298612422126,2592.74394932273,264.2028699617708,freefall
drop1,657,65.7,1089.0254658311796,110.84233133902126,2592.9696341440385,263.9155909182096,freefall
drop1,658,65.8,1088.8353882430229,110.94817169738278,2592.517059406637,264.16759681146834,freefall
drop1,659,65.9,1088.8745933224118,110.3713860495166,2592.610406700662,262.794270183899,freefall
drop1,660,66.0,1089.0606974865777,110.9232432175607,2593.0535207155413,264.10824210101197,freefall
drop1,661,66.1,1088.88506397116,111.09426026719446,2592.6353373153315,264.51543369619,freefall
drop1,662,66.2,1089.064986331071,110.71098463423832,2593.0637324542795,263.6028544141214,freefall
drop1,663,66.3,1089.1117173837006,110.82490381252185,2593.174999090591,263.8740959776145,freefall
drop1,664,66.4,1089.0168361648346,110.87476338839575,2592.9490869084707,263.99281162777027,freefall
drop1,665,66.5,1089.0549879271584,110.56366491025656,2593.039926254564,263.25208615132084,freefall
drop1,666,66.6,1088.9396471131201,110.78294261742187,2592.765299776339,263.77418637208143,freefall
drop1,667,66.7,1089.2022900315583,110.69181947230727,2593.39065256514,263.5572221635636,freefall
drop1,668,66.8,1088.915561230522,110.92597715826062,2592.7079512898727,264.1147516138185,freefall
drop1,669,66.9,1088.67104486771,111.43730085675848,2592.125757830017,265.3322133399419,freefall
drop1,670,67.0,1089.013271955521,110.84268547856759,2592.9406005260953,263.9164341244694,freefall
drop1,671,67.1,1089.0770070166382,110.54519747494896,2593.092353706615,263.2081151878535,freefall
drop1,672,67.2,1089.0833693405425,110.7611145496374,2593.1075023998314,263.7222137426866,freefall
drop1,673,67.3,1089.1275996908632,110.14881247620914,2593.212814863945,262.26432250585395,freefall
drop1,674,67.4,1088.86659496923,110.82354065842146,2592.591362621736,263.87085030770146,freefall
drop1,675,67.5,1088.9090703783386,110.78863914609359,2592.692496570824,263.7877498068488,freefall
drop1,676,67.6,1089.101594760074,110.65427879823437,2593.150897123736,263.467837818596,freefall
drop1,677,67.7,1089.1134489723179,110.892336937151,2593.1791220030887,264.0346542473565,freefall
drop1,678,67.8,1088.960606060606,111.04714066737412,2592.8152030303027,264.4032419290178,freefall
drop1,679,67.9,1088.845927612542,110.91277690811631,2592.5421536454623,264.08332181822493,freefall
drop1,680,68.0,1088.9884944627356,110.69470218497456,2592.8816053157734,263.5640859024244,freefall
drop1,681,68.1,1089.0927184408647,110.7379182375814,2593.1297626076985,263.6669833236813,freefall
drop1,682,68.2,1089.066726296959,110.75637447823495,2593.0678753130587,263.7109276326774,freefall
drop1,683,68.3,1088.9847170148187,111.04353984407547,2592.872611212283,264.3946683687437,freefall
drop1,684,68.4,1089.0278145535951,110.86468237729582,2592.97522645211,263.96880874034133,freefall
drop1,685,68.5,1088.7954400120918,111.40141148019393,2592.4219426687905,265.2467607343417,freefall
drop1,686,68.6,1089.1083999621517,110.9856767753229,2593.1671003098827,264.2568964020438,freefall
drop1,687,68.7,1089.074575908258,110.67037424757916,2593.0865652375624,263.50616108348595,freefall
