particle_id,lag_s,sample_number,analysis_start_index,analysis_end_index,source_start_index,source_end_index,t_start_s,t_end_s,x_start_um,x_end_um,dx_um,dx2_um2
particle2,0.4999999999999716,1,1789,1794,1789,1794,178.9,179.4,-40.2,-39.56,0.6400000000000007,0.40960000000000085
particle2,0.4999999999999716,2,1794,1799,1794,1799,179.4,179.9,-39.56,-46.32,-6.760000000000003,45.697600000000044
particle2,0.4999999999999716,3,1799,1804,1799,1804,179.9,180.4,-46.32,-51.150000000000006,-4.829999999999999,23.328899999999994
particle2,0.4999999999999716,4,1804,1809,1804,1809,180.4,180.9,-51.150000000000006,-50.1,1.0500000000000052,1.102500000000011
particle2,0.4999999999999716,5,1809,1814,1809,1814,180.9,181.4,-50.1,-45.96,4.139999999999998,17.139599999999984
particle2,0.4999999999999716,6,1814,1819,1814,1819,181.4,181.9,-45.96,-44.96,0.9999999999999972,0.9999999999999944
particle2,0.4999999999999716,7,1819,1824,1819,1824,181.9,182.4,-44.96,-48.58,-3.6199999999999957,13.104399999999968
particle2,0.4999999999999716,8,1824,1829,1824,1829,182.4,182.9,-48.58,-53.620000000000005,-5.040000000000006,25.401600000000062
particle2,0.4999999999999716,9,1829,1834,1829,1834,182.9,183.4,-53.620000000000005,-48.83,4.790000000000006,22.94410000000006
particle2,0.4999999999999716,10,1834,1839,1834,1839,183.4,183.9,-48.83,-46.24,2.5899999999999936,6.708099999999967
particle2,0.4999999999999716,11,1839,1844,1839,1844,183.9,184.4,-46.24,-46.24,0.0,0.0
particle2,0.4999999999999716,12,1844,1849,1844,1849,184.4,184.9,-46.24,-53.580000000000005,-7.340000000000001,53.87560000000001
particle2,0.4999999999999716,13,1849,1854,1849,1854,184.9,185.4,-53.580000000000005,-47.22,6.3600000000000065,40.44960000000008
particle2,0.4999999999999716,14,1854,1859,1854,1859,185.4,185.9,-47.22,-52.68,-5.459999999999998,29.81159999999998
particle2,0.4999999999999716,15,1859,1864,1859,1864,185.9,186.4,-52.68,-50.1,2.579999999999999,6.656399999999996
particle2,0.4999999999999716,16,1864,1869,1864,1869,186.4,186.9,-50.1,-49.290000000000006,0.809999999999994,0.6560999999999902
particle2,0.4999999999999716,17,1869,1874,1869,1874,186.9,187.4,-49.290000000000006,-42.910000000000004,6.3800000000000034,40.70440000000004
particle2,0.4999999999999716,18,1874,1879,1874,1879,187.4,187.9,-42.910000000000004,-39.46000000000001,3.4499999999999957,11.902499999999971
particle2,0.4999999999999716,19,1879,1884,1879,1884,187.9,188.4,-39.46000000000001,-37.65,1.8100000000000047,3.276100000000017
particle2,0.4999999999999716,20,1884,1889,1884,1889,188.4,188.9,-37.65,-36.580000000000005,1.0699999999999947,1.1448999999999887
particle2,0.4999999999999716,21,1889,1894,1889,1894,188.9,189.4,-36.580000000000005,-33.1,3.4800000000000075,12.110400000000052
particle2,0.4999999999999716,22,1894,1899,1894,1899,189.4,189.9,-33.1,-27.720000000000002,5.379999999999996,28.94439999999996
particle2,0.4999999999999716,23,1899,1904,1899,1904,189.9,190.4,-27.720000000000002,-29.37,-1.6499999999999995,2.7224999999999984
particle2,0.4999999999999716,24,1904,1909,1904,1909,190.4,190.9,-29.37,-28.169999999999998,1.200000000000002,1.4400000000000046
particle2,0.4999999999999716,25,1909,1914,1909,1914,190.9,191.4,-28.169999999999998,-33.24,-5.07,25.704900000000002
particle2,0.4999999999999716,26,1914,1919,1914,1919,191.4,191.9,-33.24,-30.5,2.7400000000000007,7.507600000000004
particle2,0.4999999999999716,27,1919,1924,1919,1924,191.9,192.4,-30.5,-31.470000000000002,-0.9700000000000025,0.940900000000005
particle2,0.4999999999999716,28,1924,1929,1924,1929,192.4,192.9,-31.470000000000002,-21.91,9.560000000000004,91.39360000000008
particle2,0.4999999999999716,29,1929,1934,1929,1934,192.9,193.4,-21.91,-15.520000000000001,6.389999999999998,40.832099999999976
particle2,0.4999999999999716,30,1934,1939,1934,1939,193.4,193.9,-15.520000000000001,-9.009,6.511000000000001,42.393121000000015
particle2,0.4999999999999716,31,1939,1944,1939,1944,193.9,194.4,-9.009,-6.779999999999999,2.229,4.968441
particle2,0.4999999999999716,32,1944,1949,1944,1949,194.4,194.9,-6.779999999999999,-5.804,0.9759999999999988,0.9525759999999975
particle2,0.4999999999999716,33,1949,1954,1949,1954,194.9,195.4,-5.804,-5.82,-0.015999999999999508,0.00025599999999998427
particle2,0.4999999999999716,34,1954,1959,1954,1959,195.4,195.9,-5.82,-5.319,0.501,0.251001
particle2,0.4999999999999716,35,1959,1964,1959,1964,195.9,196.4,-5.319,-2.058,3.261,10.634121
particle2,0.4999999999999716,36,1964,1969,1964,1969,196.4,196.9,-2.058,-4.719,-2.661,7.080921
particle2,0.4999999999999716,37,1969,1974,1969,1974,196.9,197.4,-4.719,-14.32,-9.601,92.17920100000002
particle2,0.4999999999999716,38,1974,1979,1974,1979,197.4,197.9,-14.32,-12.84,1.4799999999999993,2.190399999999998
particle2,0.4999999999999716,39,1979,1984,1979,1984,197.9,198.4,-12.84,-14.18,-1.339999999999999,1.7955999999999972
particle2,0.4999999999999716,40,1984,1989,1984,1989,198.4,198.9,-14.18,-12.17,2.0099999999999993,4.040099999999997
particle2,0.4999999999999716,41,1989,1994,1989,1994,198.9,199.4,-12.17,-13.870000000000001,-1.7000000000000006,2.890000000000002
particle2,0.4999999999999716,42,1994,1999,1994,1999,199.4,199.9,-13.870000000000001,-10.4,3.4700000000000006,12.040900000000004
particle2,0.4999999999999716,43,1999,2004,1999,2004,199.9,200.4,-10.4,-6.327000000000001,4.0729999999999995,16.589328999999996
particle2,0.4999999999999716,44,2004,2009,2004,2009,200.4,200.9,-6.327000000000001,-10.72,-4.393,19.298448999999998
particle2,0.4999999999999716,45,2009,2014,2009,2014,200.9,201.4,-10.72,-11.64,-0.9199999999999997,0.8463999999999995
particle2,0.4999999999999716,46,2014,2019,2014,2019,201.4,201.9,-11.64,-6.772,4.867999999999999,23.697423999999994
particle2,0.4999999999999716,47,2019,2024,2019,2024,201.9,202.4,-6.772,-14.36,-7.587999999999999,57.57774399999999
particle2,0.4999999999999716,48,2024,2029,2024,2029,202.4,202.9,-14.36,-13.41,0.9499999999999994,0.9024999999999989
particle2,0.4999999999999716,49,2029,2034,2029,2034,202.9,203.4,-13.41,-19.220000000000002,-5.810000000000002,33.756100000000025
particle2,0.4999999999999716,50,2034,2039,2034,2039,203.4,203.9,-19.220000000000002,-11.94,7.280000000000003,52.99840000000004
particle2,0.4999999999999716,51,2039,2044,2039,2044,203.9,204.4,-11.94,-15.17,-3.2300000000000013,10.432900000000009
particle2,0.4999999999999716,52,2044,2049,2044,2049,204.4,204.9,-15.17,-18.82,-3.649999999999999,13.322499999999993
particle2,0.4999999999999716,53,2049,2054,2049,2054,204.9,205.4,-18.82,-24.450000000000003,-5.630000000000002,31.696900000000017
particle2,0.4999999999999716,54,2054,2059,2054,2059,205.4,205.9,-24.450000000000003,-30.66,-6.21,38.564099999999996
particle2,0.4999999999999716,55,2059,2064,2059,2064,205.9,206.4,-30.66,-37.35,-6.689999999999999,44.75609999999998
particle2,0.4999999999999716,56,2064,2069,2064,2069,206.4,206.9,-37.35,-39.65,-2.3000000000000016,5.290000000000007
particle2,0.4999999999999716,57,2069,2074,2069,2074,206.9,207.4,-39.65,-36.38,3.270000000000001,10.692900000000005
particle2,0.4999999999999716,58,2074,2079,2074,2079,207.4,207.9,-36.38,-35.63,0.7499999999999979,0.5624999999999968
particle2,0.4999999999999716,59,2079,2084,2079,2084,207.9,208.4,-35.63,-37.17,-1.5400000000000023,2.371600000000007
particle2,0.4999999999999716,60,2084,2089,2084,2089,208.4,208.9,-37.17,-46.050000000000004,-8.879999999999995,78.85439999999991
particle2,0.4999999999999716,61,2089,2094,2089,2094,208.9,209.4,-46.050000000000004,-44.96,1.089999999999998,1.1880999999999957
particle2,0.4999999999999716,62,2094,2099,2094,2099,209.4,209.9,-44.96,-44.089999999999996,0.8700000000000035,0.7569000000000061
particle2,0.4999999999999716,63,2099,2104,2099,2104,209.9,210.4,-44.089999999999996,-44.99999999999999,-0.9099999999999964,0.8280999999999934
particle2,0.4999999999999716,64,2104,2109,2104,2109,210.4,210.9,-44.99999999999999,-44.339999999999996,0.659999999999997,0.4355999999999961
particle2,0.4999999999999716,65,2109,2114,2109,2114,210.9,211.4,-44.339999999999996,-47.45,-3.1100000000000025,9.672100000000016
particle2,0.4999999999999716,66,2114,2119,2114,2119,211.4,211.9,-47.45,-52.49,-5.039999999999999,25.40159999999999
particle2,0.4999999999999716,67,2119,2124,2119,2124,211.9,212.4,-52.49,-55.32,-2.8299999999999983,8.00889999999999
particle2,0.4999999999999716,68,2124,2129,2124,2129,212.4,212.9,-55.32,-52.370000000000005,2.949999999999997,8.702499999999983
particle2,0.4999999999999716,69,2129,2134,2129,2134,212.9,213.4,-52.370000000000005,-55.88,-3.5099999999999985,12.32009999999999
particle2,0.4999999999999716,70,2134,2139,2134,2139,213.4,213.9,-55.88,-64.35000000000001,-8.470000000000006,71.7409000000001
particle2,0.4999999999999716,71,2139,2144,2139,2144,213.9,214.4,-64.35000000000001,-66.76,-2.409999999999999,5.808099999999994
particle2,0.4999999999999716,72,2144,2149,2144,2149,214.4,214.9,-66.76,-69.03,-2.2699999999999902,5.152899999999955
particle2,0.4999999999999716,73,2149,2154,2149,2154,214.9,215.4,-69.03,-66.76,2.2699999999999902,5.152899999999955
particle2,0.4999999999999716,74,2154,2159,2154,2159,215.4,215.9,-66.76,-67.75,-0.9900000000000024,0.9801000000000049
particle2,0.4999999999999716,75,2159,2164,2159,2164,215.9,216.4,-67.75,-64.81000000000002,2.9399999999999955,8.643599999999974
particle2,0.4999999999999716,76,2164,2169,2164,2169,216.4,216.9,-64.81000000000002,-71.51,-6.7,44.89
particle2,0.4999999999999716,77,2169,2174,2169,2174,216.9,217.4,-71.51,-70.33,1.1800000000000124,1.3924000000000292
particle2,0.4999999999999716,78,2174,2179,2174,2179,217.4,217.9,-70.33,-70.87,-0.540000000000005,0.2916000000000054
particle2,0.4999999999999716,79,2179,2184,2179,2184,217.9,218.4,-70.87,-74.7,-3.8299999999999956,14.668899999999967
particle2,0.4999999999999716,80,2184,2189,2184,2189,218.4,218.9,-74.7,-73.44,1.259999999999998,1.587599999999995
particle2,0.4999999999999716,81,2189,2194,2189,2194,218.9,219.4,-73.44,-73.46000000000001,-0.020000000000003196,0.00040000000000012785
particle2,0.4999999999999716,82,2194,2199,2194,2199,219.4,219.9,-73.46000000000001,-73.05999999999999,0.40000000000000974,0.1600000000000078
particle2,0.4999999999999716,83,2199,2204,2199,2204,219.9,220.4,-73.05999999999999,-71.17,1.8899999999999972,3.5720999999999896
particle2,0.4999999999999716,84,2204,2209,2204,2209,220.4,220.9,-71.17,-74.53,-3.3600000000000083,11.289600000000055
particle2,0.4999999999999716,85,2209,2214,2209,2214,220.9,221.4,-74.53,-73.0,1.5300000000000074,2.3409000000000226
particle2,0.4999999999999716,86,2214,2219,2214,2219,221.4,221.9,-73.0,-70.02999999999999,2.9700000000000073,8.820900000000043
particle2,0.4999999999999716,87,2219,2224,2219,2224,221.9,222.4,-70.02999999999999,-72.29,-2.2600000000000087,5.107600000000039
particle2,0.4999999999999716,88,2224,2229,2224,2229,222.4,222.9,-72.29,-63.42,8.870000000000001,78.67690000000002
particle2,0.4999999999999716,89,2229,2234,2229,2234,222.9,223.4,-63.42,-68.62,-5.200000000000005,27.04000000000005
particle2,0.4999999999999716,90,2234,2239,2234,2239,223.4,223.9,-68.62,-73.5,-4.879999999999994,23.81439999999994
particle2,0.4999999999999716,91,2239,2244,2239,2244,223.9,224.4,-73.5,-71.21,2.2900000000000067,5.244100000000031
particle2,0.4999999999999716,92,2244,2249,2244,2249,224.4,224.9,-71.21,-69.05999999999999,2.149999999999998,4.622499999999992
particle2,0.4999999999999716,93,2249,2254,2249,2254,224.9,225.4,-69.05999999999999,-65.2,3.8599999999999937,14.899599999999952
particle2,0.4999999999999716,94,2254,2259,2254,2259,225.4,225.9,-65.2,-69.28,-4.080000000000002,16.646400000000014
particle2,0.4999999999999716,95,2259,2264,2259,2264,225.9,226.4,-69.28,-65.94999999999999,3.3300000000000103,11.088900000000068
particle2,0.4999999999999716,96,2264,2269,2264,2269,226.4,226.9,-65.94999999999999,-61.14,4.80999999999999,23.136099999999903
particle2,0.4999999999999716,97,2269,2274,2269,2274,226.9,227.4,-61.14,-57.220000000000006,3.9199999999999964,15.366399999999972
particle2,0.4999999999999716,98,2274,2279,2274,2279,227.4,227.9,-57.220000000000006,-57.74,-0.519999999999995,0.2703999999999948
particle2,0.4999999999999716,99,2279,2284,2279,2284,227.9,228.4,-57.74,-60.37,-2.6300000000000003,6.916900000000002
particle2,0.4999999999999716,100,2284,2289,2284,2289,228.4,228.9,-60.37,-64.67999999999999,-4.309999999999998,18.576099999999983
particle2,0.4999999999999716,101,2289,2294,2289,2294,228.9,229.4,-64.67999999999999,-67.69,-3.01,9.060099999999998
particle2,0.4999999999999716,102,2294,2299,2294,2299,229.4,229.9,-67.69,-71.57,-3.879999999999997,15.054399999999974
particle2,0.4999999999999716,103,2299,2304,2299,2304,229.9,230.4,-71.57,-70.06,1.5099999999999907,2.280099999999972
particle2,0.4999999999999716,104,2304,2309,2304,2309,230.4,230.9,-70.06,-70.76,-0.7000000000000035,0.49000000000000493
particle2,0.4999999999999716,105,2309,2314,2309,2314,230.9,231.4,-70.76,-76.25999999999999,-5.499999999999985,30.249999999999833
particle2,0.4999999999999716,106,2314,2319,2314,2319,231.4,231.9,-76.25999999999999,-83.41,-7.150000000000011,51.12250000000016
particle2,0.4999999999999716,107,2319,2324,2319,2324,231.9,232.4,-83.41,-80.11,3.299999999999999,10.889999999999993
particle2,0.4999999999999716,108,2324,2329,2324,2329,232.4,232.9,-80.11,-82.37,-2.2599999999999953,5.107599999999979
particle2,0.4999999999999716,109,2329,2334,2329,2334,232.9,233.4,-82.37,-89.43,-7.060000000000003,49.843600000000045
particle2,0.4999999999999716,110,2334,2339,2334,2339,233.4,233.9,-89.43,-85.27,4.160000000000001,17.30560000000001
particle2,0.4999999999999716,111,2339,2344,2339,2344,233.9,234.4,-85.27,-85.65,-0.3800000000000065,0.14440000000000494
particle2,0.4999999999999716,112,2344,2349,2344,2349,234.4,234.9,-85.65,-85.92,-0.26999999999999574,0.0728999999999977
particle2,0.4999999999999716,113,2349,2354,2349,2354,234.9,235.4,-85.92,-78.08,7.840000000000006,61.465600000000094
particle2,0.4999999999999716,114,2354,2359,2354,2359,235.4,235.9,-78.08,-82.62,-4.540000000000007,20.611600000000063
particle2,0.4999999999999716,115,2359,2364,2359,2364,235.9,236.4,-82.62,-83.29,-0.6700000000000055,0.44890000000000735
particle2,0.4999999999999716,116,2364,2369,2364,2369,236.4,236.9,-83.29,-89.92,-6.6299999999999955,43.95689999999994
particle2,0.4999999999999716,117,2369,2374,2369,2374,236.9,237.4,-89.92,-86.48,3.440000000000008,11.833600000000054
particle2,0.4999999999999716,118,2374,2379,2374,2379,237.4,237.9,-86.48,-85.75000000000001,0.7299999999999879,0.5328999999999823
particle2,0.4999999999999716,119,2379,2384,2379,2384,237.9,238.4,-85.75000000000001,-89.44000000000001,-3.6900000000000004,13.616100000000003
particle2,0.4999999999999716,120,2384,2389,2384,2389,238.4,238.9,-89.44000000000001,-85.49,3.950000000000015,15.602500000000116
particle2,0.4999999999999716,121,2389,2394,2389,2394,238.9,239.4,-85.49,-81.16,4.329999999999994,18.748899999999946
particle2,0.4999999999999716,122,2394,2399,2394,2399,239.4,239.9,-81.16,-80.66,0.4999999999999986,0.2499999999999986
particle2,0.4999999999999716,123,2399,2404,2399,2404,239.9,240.4,-80.66,-87.01,-6.350000000000005,40.32250000000006
particle2,0.4999999999999716,124,2404,2409,2404,2409,240.4,240.9,-87.01,-85.74000000000001,1.2700000000000065,1.6129000000000164
particle2,0.4999999999999716,125,2409,2414,2409,2414,240.9,241.4,-85.74000000000001,-82.76,2.9800000000000018,8.88040000000001
particle2,0.4999999999999716,126,2414,2419,2414,2419,241.4,241.9,-82.76,-83.8,-1.0400000000000036,1.0816000000000074
particle2,0.4999999999999716,127,2419,2424,2419,2424,241.9,242.4,-83.8,-86.87,-3.069999999999996,9.424899999999974
particle2,0.4999999999999716,128,2424,2429,2424,2429,242.4,242.9,-86.87,-86.98,-0.10999999999999725,0.012099999999999396
particle2,0.4999999999999716,129,2429,2434,2429,2434,242.9,243.4,-86.98,-83.94999999999999,3.0300000000000034,9.18090000000002
particle2,0.4999999999999716,130,2434,2439,2434,2439,243.4,243.9,-83.94999999999999,-72.45,11.499999999999995,132.2499999999999
particle2,0.4999999999999716,131,2439,2444,2439,2444,243.9,244.4,-72.45,-77.69,-5.2399999999999975,27.457599999999974
particle2,0.4999999999999716,132,2444,2449,2444,2449,244.4,244.9,-77.69,-75.60000000000001,2.0899999999999883,4.368099999999951
particle2,0.4999999999999716,133,2449,2454,2449,2454,244.9,245.4,-75.60000000000001,-69.38000000000001,6.220000000000005,38.688400000000065
particle2,0.4999999999999716,134,2454,2459,2454,2459,245.4,245.9,-69.38000000000001,-65.33,4.050000000000003,16.40250000000003
particle2,0.4999999999999716,135,2459,2464,2459,2464,245.9,246.4,-65.33,-61.22,4.109999999999999,16.892099999999996
particle2,0.4999999999999716,136,2464,2469,2464,2469,246.4,246.9,-61.22,-58.02,3.1999999999999966,10.239999999999979
particle2,0.4999999999999716,137,2469,2474,2469,2474,246.9,247.4,-58.02,-55.41,2.610000000000004,6.8121000000000205
particle2,0.4999999999999716,138,2474,2479,2474,2479,247.4,247.9,-55.41,-52.45,2.9599999999999986,8.761599999999993
particle2,0.4999999999999716,139,2479,2484,2479,2484,247.9,248.4,-52.45,-53.85,-1.4000000000000001,1.9600000000000004
particle2,0.4999999999999716,140,2484,2489,2484,2489,248.4,248.9,-53.85,-48.71000000000001,5.139999999999995,26.41959999999995
particle2,0.4999999999999716,141,2489,2494,2489,2494,248.9,249.4,-48.71000000000001,-47.61,1.1000000000000063,1.210000000000014
particle2,0.4999999999999716,142,2494,2499,2494,2499,249.4,249.9,-47.61,-43.85,3.759999999999998,14.137599999999985
particle2,0.4999999999999716,143,2499,2504,2499,2504,249.9,250.4,-43.85,-37.95,5.900000000000001,34.81000000000002
particle2,0.4999999999999716,144,2504,2509,2504,2509,250.4,250.9,-37.95,-36.690000000000005,1.259999999999998,1.587599999999995
particle2,0.4999999999999716,145,2509,2514,2509,2514,250.9,251.4,-36.690000000000005,-31.74,4.9500000000000055,24.502500000000055
particle2,0.4999999999999716,146,2514,2519,2514,2519,251.4,251.9,-31.74,-32.129999999999995,-0.39000000000000135,0.15210000000000104
particle2,0.4999999999999716,147,2519,2524,2519,2524,251.9,252.4,-32.129999999999995,-41.300000000000004,-9.170000000000002,84.08890000000004
particle2,0.4999999999999716,148,2524,2529,2524,2529,252.4,252.9,-41.300000000000004,-46.56,-5.260000000000001,27.667600000000007
particle2,0.4999999999999716,149,2529,2534,2529,2534,252.9,253.4,-46.56,-45.49000000000001,1.0699999999999947,1.1448999999999887
particle2,0.4999999999999716,150,2534,2539,2534,2539,253.4,253.9,-45.49000000000001,-43.44,2.050000000000009,4.202500000000038
particle2,0.9999999999999432,1,227,237,227,237,22.7,23.7,6.781,16.77,9.989,99.78012100000001
particle2,0.9999999999999432,2,237,247,237,247,23.7,24.7,16.77,19.85,3.080000000000001,9.486400000000005
particle2,0.9999999999999432,3,247,257,247,257,24.7,25.7,19.85,13.33,-6.520000000000002,42.51040000000003
particle2,0.9999999999999432,4,257,267,257,267,25.7,26.7,13.33,17.68,4.3500000000000005,18.922500000000003
particle2,0.9999999999999432,5,267,277,267,277,26.7,27.7,17.68,19.77,2.0899999999999985,4.368099999999994
particle2,0.9999999999999432,6,277,287,277,287,27.7,28.7,19.77,23.17,3.4000000000000012,11.560000000000008
particle2,0.9999999999999432,7,287,297,287,297,28.7,29.7,23.17,29.72,6.55,42.902499999999996
particle2,0.9999999999999432,8,297,307,297,307,29.7,30.7,29.72,31.01,1.290000000000003,1.6641000000000075
particle2,0.9999999999999432,9,307,317,307,317,30.7,31.7,31.01,35.900000000000006,4.890000000000002,23.912100000000024
particle2,0.9999999999999432,10,317,327,317,327,31.7,32.7,35.900000000000006,28.37,-7.530000000000004,56.700900000000054
particle2,0.9999999999999432,11,327,337,327,337,32.7,33.7,28.37,24.31,-4.060000000000001,16.48360000000001
particle2,0.9999999999999432,12,337,347,337,347,33.7,34.7,24.31,28.590000000000003,4.280000000000003,18.318400000000025
particle2,0.9999999999999432,13,347,357,347,357,34.7,35.7,28.590000000000003,23.099999999999998,-5.490000000000004,30.140100000000043
particle2,0.9999999999999432,14,357,367,357,367,35.7,36.7,23.099999999999998,27.62,4.5200000000000005,20.430400000000006
particle2,0.9999999999999432,15,367,377,367,377,36.7,37.7,27.62,29.16,1.5399999999999987,2.371599999999996
particle2,0.9999999999999432,16,377,387,377,387,37.7,38.7,29.16,32.56,3.4000000000000012,11.560000000000008
particle2,0.9999999999999432,17,387,397,387,397,38.7,39.7,32.56,31.899999999999995,-0.6600000000000038,0.43560000000000504
particle2,0.9999999999999432,18,397,407,397,407,39.7,40.7,31.899999999999995,33.470000000000006,1.570000000000007,2.464900000000022
particle2,0.9999999999999432,19,407,417,407,417,40.7,41.7,33.470000000000006,31.2,-2.2700000000000036,5.152900000000016
particle2,0.9999999999999432,20,417,427,417,427,41.7,42.7,31.2,16.830000000000002,-14.369999999999996,206.49689999999987
particle2,0.9999999999999432,21,427,437,427,437,42.7,43.7,16.830000000000002,19.82,2.9899999999999967,8.94009999999998
particle2,0.9999999999999432,22,437,447,437,447,43.7,44.7,19.82,27.02,7.199999999999998,51.839999999999975
particle2,0.9999999999999432,23,447,457,447,457,44.7,45.7,27.02,26.700000000000003,-0.31999999999999695,0.10239999999999805
particle2,0.9999999999999432,24,457,467,457,467,45.7,46.7,26.700000000000003,20.23,-6.470000000000001,41.86090000000001
particle2,0.9999999999999432,25,467,477,467,477,46.7,47.7,20.23,31.180000000000003,10.950000000000001,119.90250000000002
particle2,0.9999999999999432,26,477,487,477,487,47.7,48.7,31.180000000000003,35.87,4.689999999999998,21.996099999999977
particle2,0.9999999999999432,27,487,497,487,497,48.7,49.7,35.87,25.62,-10.249999999999998,105.06249999999996
particle2,0.9999999999999432,28,497,507,497,507,49.7,50.7,25.62,28.99,3.3699999999999966,11.356899999999976
particle2,0.9999999999999432,29,507,517,507,517,50.7,51.7,28.99,29.97,0.9800000000000008,0.9604000000000015
particle2,0.9999999999999432,30,517,527,517,527,51.7,52.7,29.97,35.48,5.51,30.3601
particle2,0.9999999999999432,31,527,537,527,537,52.7,53.7,35.48,23.689999999999998,-11.790000000000001,139.00410000000002
particle2,0.9999999999999432,32,537,547,537,547,53.7,54.7,23.689999999999998,12.71,-10.979999999999999,120.56039999999997
particle2,0.9999999999999432,33,547,557,547,557,54.7,55.7,12.71,10.89,-1.8199999999999996,3.3123999999999985
particle2,0.9999999999999432,34,557,567,557,567,55.7,56.7,10.89,17.76,6.870000000000002,47.19690000000003
particle2,0.9999999999999432,35,567,577,567,577,56.7,57.7,17.76,11.48,-6.280000000000003,39.43840000000004
particle2,0.9999999999999432,36,577,587,577,587,57.7,58.7,11.48,14.17,2.6899999999999995,7.236099999999998
particle2,0.9999999999999432,37,587,597,587,597,58.7,59.7,14.17,18.55,4.380000000000001,19.184400000000007
particle2,0.9999999999999432,38,597,607,597,607,59.7,60.7,18.55,2.2200000000000001e-13,-18.549999999999777,344.1024999999917
particle2,0.9999999999999432,39,607,617,607,617,60.7,61.7,2.2200000000000001e-13,4.508,4.507999999999778,20.322063999997997
particle2,0.9999999999999432,40,617,627,617,627,61.7,62.7,4.508,11.03,6.521999999999999,42.536483999999994
particle2,0.9999999999999432,41,627,637,627,637,62.7,63.7,11.03,7.659000000000001,-3.3709999999999987,11.36364099999999
particle2,0.9999999999999432,42,637,647,637,647,63.7,64.7,7.659000000000001,11.809999999999999,4.150999999999998,17.230800999999982
particle2,0.9999999999999432,43,647,657,647,657,64.7,65.7,11.809999999999999,17.89,6.080000000000001,36.966400000000014
particle2,0.9999999999999432,44,657,667,657,667,65.7,66.7,17.89,16.26,-1.6299999999999997,2.656899999999999
particle2,0.9999999999999432,45,667,677,667,677,66.7,67.7,16.26,23.240000000000002,6.980000000000001,48.72040000000002
particle2,0.9999999999999432,46,677,687,677,687,67.7,68.7,23.240000000000002,16.799999999999997,-6.440000000000003,41.47360000000004
particle2,0.9999999999999432,47,687,697,687,697,68.7,69.7,16.799999999999997,6.494999999999999,-10.304999999999998,106.19302499999996
particle2,0.9999999999999432,48,697,707,697,707,69.7,70.7,6.494999999999999,6.627000000000001,0.1320000000000006,0.017424000000000155
particle2,0.9999999999999432,49,707,717,707,717,70.7,71.7,6.627000000000001,11.900000000000002,5.273000000000001,27.804529000000006
particle2,0.9999999999999432,50,717,727,717,727,71.7,72.7,11.900000000000002,15.420000000000002,3.52,12.3904
particle2,0.9999999999999432,51,727,737,727,737,72.7,73.7,15.420000000000002,25.26,9.84,96.8256
particle2,0.9999999999999432,52,737,747,737,747,73.7,74.7,25.26,17.03,-8.23,67.7329
particle2,0.9999999999999432,53,747,757,747,757,74.7,75.7,17.03,13.27,-3.760000000000001,14.137600000000008
particle2,0.9999999999999432,54,757,767,757,767,75.7,76.7,13.27,11.450000000000001,-1.8199999999999996,3.3123999999999985
particle2,0.9999999999999432,55,767,777,767,777,76.7,77.7,11.450000000000001,3.124,-8.326,69.322276
particle2,0.9999999999999432,56,777,787,777,787,77.7,78.7,3.124,-5.365,-8.488999999999999,72.06312099999998
particle2,0.9999999999999432,57,787,797,787,797,78.7,79.7,-5.365,-13.480000000000002,-8.115,65.85322500000001
particle2,0.9999999999999432,58,797,807,797,807,79.7,80.7,-13.480000000000002,-14.55,-1.0699999999999998,1.1448999999999996
particle2,0.9999999999999432,59,807,817,807,817,80.7,81.7,-14.55,-21.700000000000003,-7.150000000000001,51.12250000000002
particle2,0.9999999999999432,60,817,827,817,827,81.7,82.7,-21.700000000000003,-20.18,1.5200000000000025,2.3104000000000076
particle2,0.9999999999999432,61,827,837,827,837,82.7,83.7,-20.18,-13.540000000000001,6.639999999999999,44.08959999999998
particle2,0.9999999999999432,62,837,847,837,847,83.7,84.7,-13.540000000000001,-7.199,6.341000000000001,40.208281000000014
particle2,0.9999999999999432,63,847,857,847,857,84.7,85.7,-7.199,-13.320000000000002,-6.121000000000001,37.46664100000002
particle2,0.9999999999999432,64,857,867,857,867,85.7,86.7,-13.320000000000002,-11.59,1.730000000000002,2.9929000000000068
particle2,0.9999999999999432,65,867,877,867,877,86.7,87.7,-11.59,-9.977,1.6129999999999995,2.6017689999999987
particle2,0.9999999999999432,66,877,887,877,887,87.7,88.7,-9.977,-13.09,-3.1130000000000004,9.690769000000003
particle2,0.9999999999999432,67,887,897,887,897,88.7,89.7,-13.09,-4.984999999999999,8.105,65.69102500000001
particle2,0.9999999999999432,68,897,907,897,907,89.7,90.7,-4.984999999999999,-5.869,-0.8840000000000003,0.7814560000000006
particle2,0.9999999999999432,69,907,917,907,917,90.7,91.7,-5.869,-0.4906999999999999,5.378299999999999,28.926110889999993
particle2,0.9999999999999432,70,917,927,917,927,91.7,92.7,-0.4906999999999999,1.491,1.9817,3.92713489
particle2,0.9999999999999432,71,927,937,927,937,92.7,93.7,1.491,-1.4090000000000003,-2.9000000000000004,8.410000000000002
particle2,0.9999999999999432,72,937,947,937,947,93.7,94.7,-1.4090000000000003,0.7499,2.1589,4.66084921
particle2,0.9999999999999432,73,947,957,947,957,94.7,95.7,0.7499,2.617,1.8671,3.4860624099999997
particle2,0.9999999999999432,74,957,967,957,967,95.7,96.7,2.617,-4.383,-7.000000000000001,49.000000000000014
particle2,0.9999999999999432,75,967,977,967,977,96.7,97.7,-4.383,-11.84,-7.457,55.606849
particle2,0.9999999999999432,76,977,987,977,987,97.7,98.7,-11.84,-5.8580000000000005,5.981999999999999,35.78432399999999
particle2,0.9999999999999432,77,987,997,987,997,98.7,99.7,-5.8580000000000005,-7.061999999999999,-1.203999999999999,1.4496159999999978
particle2,0.9999999999999432,78,997,1007,997,1007,99.7,100.7,-7.061999999999999,-12.36,-5.298000000000001,28.06880400000001
particle2,0.9999999999999432,79,1007,1017,1007,1017,100.7,101.7,-12.36,-23.990000000000002,-11.630000000000003,135.25690000000006
particle2,0.9999999999999432,80,1017,1027,1017,1027,101.7,102.7,-23.990000000000002,-19.48,4.5100000000000025,20.34010000000002
particle2,0.9999999999999432,81,1027,1037,1027,1037,102.7,103.7,-19.48,-19.78,-0.3000000000000005,0.09000000000000029
particle2,0.9999999999999432,82,1037,1047,1037,1047,103.7,104.7,-19.78,-19.349999999999998,0.430000000000001,0.18490000000000084
particle2,0.9999999999999432,83,1047,1057,1047,1057,104.7,105.7,-19.349999999999998,-25.02,-5.670000000000002,32.14890000000002
particle2,0.9999999999999432,84,1057,1067,1057,1067,105.7,106.7,-25.02,-23.810000000000002,1.2100000000000002,1.4641000000000004
particle2,0.9999999999999432,85,1067,1077,1067,1077,106.7,107.7,-23.810000000000002,-20.73,3.080000000000001,9.486400000000005
particle2,0.9999999999999432,86,1077,1087,1077,1087,107.7,108.7,-20.73,-18.900000000000002,1.8299999999999976,3.348899999999991
particle2,0.9999999999999432,87,1087,1097,1087,1097,108.7,109.7,-18.900000000000002,-22.98,-4.079999999999998,16.646399999999986
particle2,0.9999999999999432,88,1097,1107,1097,1107,109.7,110.7,-22.98,-20.330000000000002,2.65,7.0225
particle2,0.9999999999999432,89,1107,1117,1107,1117,110.7,111.7,-20.330000000000002,-32.33,-11.999999999999996,143.99999999999991
particle2,0.9999999999999432,90,1117,1127,1117,1127,111.7,112.7,-32.33,-35.74999999999999,-3.4199999999999977,11.696399999999985
particle2,0.9999999999999432,91,1127,1137,1127,1137,112.7,113.7,-35.74999999999999,-44.68,-8.930000000000005,79.74490000000009
particle2,0.9999999999999432,92,1137,1147,1137,1147,113.7,114.7,-44.68,-40.050000000000004,4.629999999999995,21.436899999999948
particle2,0.9999999999999432,93,1147,1157,1147,1157,114.7,115.7,-40.050000000000004,-42.09,-2.040000000000001,4.1616000000000035
particle2,0.9999999999999432,94,1157,1167,1157,1167,115.7,116.7,-42.09,-34.239999999999995,7.850000000000008,61.62250000000012
particle2,0.9999999999999432,95,1167,1177,1167,1177,116.7,117.7,-34.239999999999995,-37.36,-3.120000000000004,9.734400000000026
particle2,0.9999999999999432,96,1177,1187,1177,1187,117.7,118.7,-37.36,-47.45,-10.09,101.8081
particle2,0.9999999999999432,97,1187,1197,1187,1197,118.7,119.7,-47.45,-53.96000000000001,-6.510000000000003,42.38010000000004
particle2,0.9999999999999432,98,1197,1207,1197,1207,119.7,120.7,-53.96000000000001,-54.489999999999995,-0.5299999999999898,0.2808999999999892
particle2,0.9999999999999432,99,1207,1217,1207,1217,120.7,121.7,-54.489999999999995,-55.83,-1.340000000000004,1.795600000000011
particle2,0.9999999999999432,100,1217,1227,1217,1227,121.7,122.7,-55.83,-66.4,-10.570000000000002,111.72490000000005
particle2,0.9999999999999432,101,1227,1237,1227,1237,122.7,123.7,-66.4,-70.47000000000001,-4.0700000000000065,16.56490000000005
particle2,0.9999999999999432,102,1237,1247,1237,1247,123.7,124.7,-70.47000000000001,-67.28,3.1900000000000017,10.17610000000001
particle2,0.9999999999999432,103,1247,1257,1247,1257,124.7,125.7,-67.28,-75.89,-8.610000000000001,74.13210000000002
particle2,0.9999999999999432,104,1257,1267,1257,1267,125.7,126.7,-75.89,-83.83,-7.939999999999995,63.04359999999992
particle2,0.9999999999999432,105,1267,1277,1267,1277,126.7,127.7,-83.83,-93.5,-9.669999999999995,93.5088999999999
particle2,0.9999999999999432,106,1277,1287,1277,1287,127.7,128.7,-93.5,-94.4,-0.9000000000000083,0.810000000000015
particle2,0.9999999999999432,107,1287,1297,1287,1297,128.7,129.7,-94.4,-84.29,10.109999999999996,102.21209999999992
particle2,0.9999999999999432,108,1297,1307,1297,1307,129.7,130.7,-84.29,-82.75,1.5400000000000023,2.371600000000007
particle2,0.9999999999999432,109,1307,1317,1307,1317,130.7,131.7,-82.75,-81.46000000000001,1.289999999999996,1.6640999999999897
particle2,0.9999999999999432,110,1317,1327,1317,1327,131.7,132.7,-81.46000000000001,-79.36,2.1000000000000103,4.410000000000044
particle2,0.9999999999999432,111,1327,1337,1327,1337,132.7,133.7,-79.36,-72.69000000000001,6.669999999999988,44.488899999999845
particle2,0.9999999999999432,112,1337,1347,1337,1347,133.7,134.7,-72.69000000000001,-65.64,7.050000000000009,49.70250000000012
particle2,0.9999999999999432,113,1347,1357,1347,1357,134.7,135.7,-65.64,-69.93,-4.290000000000001,18.404100000000007
particle2,0.9999999999999432,114,1357,1367,1357,1367,135.7,136.7,-69.93,-77.24,-7.309999999999996,53.43609999999994
particle2,0.9999999999999432,115,1367,1377,1367,1377,136.7,137.7,-77.24,-82.43,-5.190000000000009,26.936100000000096
particle2,0.9999999999999432,116,1377,1387,1377,1387,137.7,138.7,-82.43,-74.94000000000001,7.4899999999999975,56.10009999999996
particle2,0.9999999999999432,117,1387,1397,1387,1397,138.7,139.7,-74.94000000000001,-72.64,2.3000000000000154,5.290000000000071
particle2,0.9999999999999432,118,1397,1407,1397,1407,139.7,140.7,-72.64,-69.71,2.9300000000000006,8.584900000000003
particle2,0.9999999999999432,119,1407,1417,1407,1417,140.7,141.7,-69.71,-68.43,1.2799999999999878,1.6383999999999688
particle2,0.9999999999999432,120,1417,1427,1417,1427,141.7,142.7,-68.43,-72.88000000000001,-4.45,19.802500000000002
particle2,0.9999999999999432,121,1427,1437,1427,1437,142.7,143.7,-72.88000000000001,-74.04,-1.1599999999999957,1.3455999999999901
particle2,0.9999999999999432,122,1437,1447,1437,1447,143.7,144.7,-74.04,-85.55000000000001,-11.510000000000003,132.48010000000008
particle2,0.9999999999999432,123,1447,1457,1447,1457,144.7,145.7,-85.55000000000001,-81.09,4.460000000000008,19.89160000000007
particle2,0.9999999999999432,124,1457,1467,1457,1467,145.7,146.7,-81.09,-72.31,8.779999999999994,77.0883999999999
particle2,0.9999999999999432,125,1467,1477,1467,1477,146.7,147.7,-72.31,-73.77000000000001,-1.460000000000003,2.131600000000009
particle2,0.9999999999999432,126,1477,1487,1477,1487,147.7,148.7,-73.77000000000001,-70.25000000000001,3.5199999999999934,12.390399999999953
particle2,0.9999999999999432,127,1487,1497,1487,1497,148.7,149.7,-70.25000000000001,-73.89,-3.6399999999999855,13.249599999999894
particle2,0.9999999999999432,128,1497,1507,1497,1507,149.7,150.7,-73.89,-82.58,-8.69,75.5161
particle2,0.9999999999999432,129,1507,1517,1507,1517,150.7,151.7,-82.58,-88.23,-5.650000000000002,31.922500000000024
particle2,0.9999999999999432,130,1517,1527,1517,1527,151.7,152.7,-88.23,-90.16000000000001,-1.9300000000000035,3.7249000000000136
particle2,0.9999999999999432,131,1527,1537,1527,1537,152.7,153.7,-90.16000000000001,-85.52,4.6400000000000095,21.529600000000087
particle2,0.9999999999999432,132,1537,1547,1537,1547,153.7,154.7,-85.52,-78.56,6.9599999999999875,48.44159999999982
particle2,0.9999999999999432,133,1547,1557,1547,1557,154.7,155.7,-78.56,-77.77000000000001,0.7899999999999975,0.624099999999996
particle2,0.9999999999999432,134,1557,1567,1557,1567,155.7,156.7,-77.77000000000001,-73.94000000000001,3.8299999999999956,14.668899999999967
particle2,0.9999999999999432,135,1567,1577,1567,1577,156.7,157.7,-73.94000000000001,-75.53,-1.5899999999999899,2.528099999999968
particle2,0.9999999999999432,136,1577,1587,1577,1587,157.7,158.7,-75.53,-70.84,4.689999999999998,21.996099999999977
particle2,0.9999999999999432,137,1587,1597,1587,1597,158.7,159.7,-70.84,-71.88999999999999,-1.049999999999985,1.1024999999999683
particle2,0.9999999999999432,138,1597,1607,1597,1607,159.7,160.7,-71.88999999999999,-73.42999999999999,-1.5400000000000023,2.371600000000007
particle2,0.9999999999999432,139,1607,1617,1607,1617,160.7,161.7,-73.42999999999999,-71.30999999999999,2.12,4.494400000000001
particle2,0.9999999999999432,140,1617,1627,1617,1627,161.7,162.7,-71.30999999999999,-64.08,7.229999999999997,52.27289999999996
particle2,0.9999999999999432,141,1627,1637,1627,1637,162.7,163.7,-64.08,-63.93000000000001,0.14999999999999009,0.022499999999997026
particle2,0.9999999999999432,142,1637,1647,1637,1647,163.7,164.7,-63.93000000000001,-58.61,5.320000000000003,28.30240000000003
particle2,0.9999999999999432,143,1647,1657,1647,1657,164.7,165.7,-58.61,-56.88,1.7299999999999986,2.9928999999999952
particle2,0.9999999999999432,144,1657,1667,1657,1667,165.7,166.7,-56.88,-48.52,8.360000000000001,69.88960000000002
particle2,0.9999999999999432,145,1667,1677,1667,1677,166.7,167.7,-48.52,-46.04,2.4800000000000035,6.150400000000017
particle2,0.9999999999999432,146,1677,1687,1677,1687,167.7,168.7,-46.04,-40.120000000000005,5.919999999999997,35.04639999999997
particle2,0.9999999999999432,147,1687,1697,1687,1697,168.7,169.7,-40.120000000000005,-41.08,-0.9599999999999976,0.9215999999999954
particle2,0.9999999999999432,148,1697,1707,1697,1707,169.7,170.7,-41.08,-33.74,7.340000000000001,53.87560000000001
particle2,0.9999999999999432,149,1707,1717,1707,1717,170.7,171.7,-33.74,-41.45,-7.710000000000006,59.4441000000001
particle2,0.9999999999999432,150,1717,1727,1717,1727,171.7,172.7,-41.45,-40.980000000000004,0.4700000000000006,0.22090000000000054
particle2,1.599999999999909,1,44,60,44,60,4.4,6.0,15.16,5.306,-9.854000000000001,97.10131600000003
particle2,1.599999999999909,2,60,76,60,76,6.0,7.6,5.306,-6.064,-11.37,129.27689999999998
particle2,1.599999999999909,3,76,92,76,92,7.6,9.2,-6.064,16.77,22.834,521.391556
particle2,1.599999999999909,4,92,108,92,108,9.2,10.8,16.77,15.25,-1.5200000000000007,2.3104000000000022
particle2,1.599999999999909,5,108,124,108,124,10.8,12.4,15.25,12.45,-2.8000000000000003,7.840000000000002
particle2,1.599999999999909,6,124,140,124,140,12.4,14.0,12.45,11.96,-0.4899999999999987,0.24009999999999873
particle2,1.599999999999909,7,140,156,140,156,14.0,15.6,11.96,9.471,-2.489000000000001,6.195121000000006
particle2,1.599999999999909,8,156,172,156,172,15.6,17.2,9.471,16.38,6.909,47.734280999999996
particle2,1.599999999999909,9,172,188,172,188,17.2,18.8,16.38,5.607,-10.773,116.05752899999999
particle2,1.599999999999909,10,188,204,188,204,18.8,20.4,5.607,11.64,6.033,36.397089
particle2,1.599999999999909,11,204,220,204,220,20.4,22.0,11.64,10.69,-0.9500000000000011,0.9025000000000021
particle2,1.599999999999909,12,220,236,220,236,22.0,23.6,10.69,17.71,7.020000000000002,49.28040000000003
particle2,1.599999999999909,13,236,252,236,252,23.6,25.2,17.71,14.030000000000001,-3.68,13.5424
particle2,1.599999999999909,14,252,268,252,268,25.2,26.8,14.030000000000001,16.26,2.229999999999999,4.972899999999996
particle2,1.599999999999909,15,268,284,268,284,26.8,28.4,16.26,19.279999999999998,3.0199999999999982,9.12039999999999
particle2,1.599999999999909,16,284,300,284,300,28.4,30.0,19.279999999999998,29.45,10.170000000000002,103.42890000000004
particle2,1.599999999999909,17,300,316,300,316,30.0,31.6,29.45,35.54,6.090000000000001,37.08810000000001
particle2,1.599999999999909,18,316,332,316,332,31.6,33.2,35.54,24.430000000000003,-11.110000000000001,123.43210000000003
particle2,1.599999999999909,19,332,348,332,348,33.2,34.8,24.430000000000003,28.320000000000004,3.890000000000002,15.132100000000015
particle2,1.599999999999909,20,348,364,348,364,34.8,36.4,28.320000000000004,29.64,1.3199999999999976,1.7423999999999937
particle2,1.599999999999909,21,364,380,364,380,36.4,38.0,29.64,28.79,-0.8500000000000003,0.7225000000000005
particle2,1.599999999999909,22,380,396,380,396,38.0,39.6,28.79,33.03,4.24,17.977600000000002
particle2,1.599999999999909,23,396,412,396,412,39.6,41.2,33.03,32.56,-0.4700000000000006,0.22090000000000054
particle2,1.599999999999909,24,412,428,412,428,41.2,42.8,32.56,16.77,-15.79,249.3241
particle2,1.599999999999909,25,428,444,428,444,42.8,44.4,16.77,20.140000000000004,3.370000000000003,11.35690000000002
particle2,1.599999999999909,26,444,460,444,460,44.4,46.0,20.140000000000004,25.5,5.359999999999996,28.729599999999955
particle2,1.599999999999909,27,460,476,460,476,46.0,47.6,25.5,27.720000000000002,2.2200000000000024,4.9284000000000106
particle2,1.599999999999909,28,476,492,476,492,47.6,49.2,27.720000000000002,28.0,0.2799999999999973,0.07839999999999848
particle2,1.599999999999909,29,492,508,492,508,49.2,50.8,28.0,28.09,0.09000000000000083,0.008100000000000149
particle2,1.599999999999909,30,508,524,508,524,50.8,52.4,28.09,30.130000000000003,2.040000000000001,4.1616000000000035
particle2,1.599999999999909,31,524,540,524,540,52.4,54.0,30.130000000000003,19.150000000000002,-10.98,120.56040000000002
particle2,1.599999999999909,32,540,556,540,556,54.0,55.6,19.150000000000002,10.950000000000001,-8.200000000000001,67.24000000000002
particle2,1.599999999999909,33,556,572,556,572,55.6,57.2,10.950000000000001,14.260000000000002,3.3100000000000005,10.956100000000003
particle2,1.599999999999909,34,572,588,572,588,57.2,58.8,14.260000000000002,14.160000000000002,-0.09999999999999905,0.00999999999999981
particle2,1.599999999999909,35,588,604,588,604,58.8,60.4,14.160000000000002,7.414,-6.746000000000002,45.50851600000003
particle2,1.599999999999909,36,604,620,604,620,60.4,62.0,7.414,6.027,-1.3869999999999996,1.9237689999999987
particle2,1.599999999999909,37,620,636,620,636,62.0,63.6,6.027,9.025,2.9980000000000007,8.988004000000004
particle2,1.599999999999909,38,636,652,636,652,63.6,65.2,9.025,12.319999999999999,3.294999999999998,10.857024999999988
particle2,1.599999999999909,39,652,668,652,668,65.2,66.8,12.319999999999999,15.549999999999999,3.2299999999999995,10.432899999999997
particle2,1.599999999999909,40,668,684,668,684,66.8,68.4,15.549999999999999,18.77,3.2199999999999998,10.368399999999998
particle2,1.599999999999909,41,684,700,684,700,68.4,70.0,18.77,4.538,-14.232,202.54982399999997
particle2,1.599999999999909,42,700,716,700,716,70.0,71.6,4.538,16.37,11.832,139.996224
particle2,1.599999999999909,43,716,732,716,732,71.6,73.2,16.37,22.94,6.569999999999999,43.16489999999999
particle2,1.599999999999909,44,732,748,732,748,73.2,74.8,22.94,18.919999999999998,-4.020000000000002,16.160400000000017
particle2,1.599999999999909,45,748,764,748,764,74.8,76.4,18.919999999999998,13.41,-5.509999999999998,30.360099999999978
particle2,1.599999999999909,46,764,780,764,780,76.4,78.0,13.41,-0.8593999999999999,-14.269400000000001,203.61577636000004
particle2,1.599999999999909,47,780,796,780,796,78.0,79.6,-0.8593999999999999,-11.84,-10.980599999999999,120.57357635999998
particle2,1.599999999999909,48,796,812,796,812,79.6,81.2,-11.84,-9.94,1.9000000000000004,3.610000000000001
particle2,1.599999999999909,49,812,828,812,828,81.2,82.8,-9.94,-19.220000000000002,-9.280000000000003,86.11840000000005
particle2,1.599999999999909,50,828,844,828,844,82.8,84.4,-19.220000000000002,-8.735,10.485000000000003,109.93522500000006
particle2,1.599999999999909,51,844,860,844,860,84.4,86.0,-8.735,-16.23,-7.495000000000002,56.175025000000026
particle2,1.599999999999909,52,860,876,860,876,86.0,87.6,-16.23,-8.374,7.8560000000000025,61.71673600000004
particle2,1.599999999999909,53,876,892,876,892,87.6,89.2,-8.374,-7.729,0.6449999999999998,0.41602499999999976
particle2,1.599999999999909,54,892,908,892,908,89.2,90.8,-7.729,-3.335,4.394000000000001,19.30723600000001
particle2,1.599999999999909,55,908,924,908,924,90.8,92.4,-3.335,-1.8010000000000002,1.5339999999999996,2.353155999999999
particle2,1.599999999999909,56,924,940,924,940,92.4,94.0,-1.8010000000000002,-0.547,1.2540000000000002,1.5725160000000005
particle2,1.599999999999909,57,940,956,940,956,94.0,95.6,-0.547,1.018,1.565,2.4492249999999998
particle2,1.599999999999909,58,956,972,956,972,95.6,97.2,1.018,-7.493,-8.511000000000001,72.43712100000002
particle2,1.599999999999909,59,972,988,972,988,97.2,98.8,-7.493,-5.9399999999999995,1.5530000000000002,2.4118090000000003
particle2,1.599999999999909,60,988,1004,988,1004,98.8,100.4,-5.9399999999999995,-13.63,-7.6899999999999995,59.13609999999999
particle2,1.599999999999909,61,1004,1020,1004,1020,100.4,102.0,-13.63,-22.92,-9.290000000000001,86.30410000000002
particle2,1.599999999999909,62,1020,1036,1020,1036,102.0,103.6,-22.92,-18.98,3.9399999999999995,15.523599999999997
particle2,1.599999999999909,63,1036,1052,1036,1052,103.6,105.2,-18.98,-22.560000000000002,-3.5799999999999996,12.816399999999998
particle2,1.599999999999909,64,1052,1068,1052,1068,105.2,106.8,-22.560000000000002,-24.9,-2.339999999999998,5.475599999999991
particle2,1.599999999999909,65,1068,1084,1068,1084,106.8,108.4,-24.9,-17.37,7.529999999999998,56.70089999999996
particle2,1.599999999999909,66,1084,1100,1084,1100,108.4,110.0,-17.37,-24.09,-6.72,45.15839999999999
particle2,1.599999999999909,67,1100,1116,1100,1116,110.0,111.6,-24.09,-29.46,-5.369999999999997,28.83689999999997
particle2,1.599999999999909,68,1116,1132,1116,1132,111.6,113.2,-29.46,-40.53,-11.07,122.54490000000001
particle2,1.599999999999909,69,1132,1148,1132,1148,113.2,114.8,-40.53,-38.980000000000004,1.549999999999997,2.4024999999999905
particle2,1.599999999999909,70,1148,1164,1148,1164,114.8,116.4,-38.980000000000004,-32.410000000000004,6.569999999999999,43.16489999999999
particle2,1.599999999999909,71,1164,1180,1164,1180,116.4,118.0,-32.410000000000004,-33.36,-0.949999999999996,0.9024999999999923
particle2,1.599999999999909,72,1180,1196,1180,1196,118.0,119.6,-33.36,-53.900000000000006,-20.540000000000003,421.8916000000001
particle2,1.599999999999909,73,1196,1212,1196,1212,119.6,121.2,-53.900000000000006,-56.22,-2.319999999999998,5.382399999999991
particle2,1.599999999999909,74,1212,1228,1212,1228,121.2,122.8,-56.22,-68.63,-12.409999999999998,154.00809999999996
particle2,1.599999999999909,75,1228,1244,1228,1244,122.8,124.4,-68.63,-68.27999999999999,0.3500000000000085,0.12250000000000597
particle2,1.599999999999909,76,1244,1260,1244,1260,124.4,126.0,-68.27999999999999,-81.11,-12.83000000000001,164.60890000000026
particle2,1.599999999999909,77,1260,1276,1260,1276,126.0,127.6,-81.11,-92.06000000000002,-10.950000000000008,119.90250000000017
particle2,1.599999999999909,78,1276,1292,1276,1292,127.6,129.2,-92.06000000000002,-85.44000000000001,6.620000000000001,43.82440000000001
particle2,1.599999999999909,79,1292,1308,1292,1308,129.2,130.8,-85.44000000000001,-82.87,2.570000000000011,6.604900000000057
particle2,1.599999999999909,80,1308,1324,1308,1324,130.8,132.4,-82.87,-75.5,7.369999999999992,54.31689999999988
particle2,1.599999999999909,81,1324,1340,1324,1340,132.4,134.0,-75.5,-68.69000000000001,6.809999999999998,46.37609999999997
particle2,1.599999999999909,82,1340,1356,1340,1356,134.0,135.6,-68.69000000000001,-66.46000000000001,2.2299999999999973,4.972899999999988
particle2,1.599999999999909,83,1356,1372,1356,1372,135.6,137.2,-66.46000000000001,-76.73,-10.269999999999994,105.47289999999988
particle2,1.599999999999909,84,1372,1388,1372,1388,137.2,138.8,-76.73,-75.2,1.5300000000000074,2.3409000000000226
particle2,1.599999999999909,85,1388,1404,1388,1404,138.8,140.4,-75.2,-70.21,4.990000000000005,24.900100000000048
particle2,1.599999999999909,86,1404,1420,1404,1420,140.4,142.0,-70.21,-70.05000000000001,0.1599999999999849,0.02559999999999517
particle2,1.599999999999909,87,1420,1436,1420,1436,142.0,143.6,-70.05000000000001,-74.84,-4.79,22.9441
particle2,1.599999999999909,88,1436,1452,1436,1452,143.6,145.2,-74.84,-85.47000000000001,-10.629999999999999,112.99689999999998
particle2,1.599999999999909,89,1452,1468,1452,1468,145.2,146.8,-85.47000000000001,-73.72,11.750000000000014,138.06250000000034
particle2,1.599999999999909,90,1468,1484,1468,1484,146.8,148.4,-73.72,-69.68,4.039999999999981,16.32159999999985
particle2,1.599999999999909,91,1484,1500,1484,1500,148.4,150.0,-69.68,-76.5,-6.819999999999992,46.51239999999989
particle2,1.599999999999909,92,1500,1516,1500,1516,150.0,151.6,-76.5,-86.73,-10.230000000000002,104.65290000000005
particle2,1.599999999999909,93,1516,1532,1516,1532,151.6,153.2,-86.73,-89.03,-2.3000000000000016,5.290000000000007
particle2,1.599999999999909,94,1532,1548,1532,1548,153.2,154.8,-89.03,-76.83,12.200000000000012,148.8400000000003
particle2,1.599999999999909,95,1548,1564,1548,1564,154.8,156.4,-76.83,-78.22,-1.3899999999999986,1.932099999999996
particle2,1.599999999999909,96,1564,1580,1564,1580,156.4,158.0,-78.22,-69.22,8.999999999999988,80.99999999999977
particle2,1.599999999999909,97,1580,1596,1580,1596,158.0,159.6,-69.22,-69.79,-0.5700000000000031,0.32490000000000346
particle2,1.599999999999909,98,1596,1612,1596,1612,159.6,161.2,-69.79,-76.98000000000002,-7.190000000000004,51.69610000000006
particle2,1.599999999999909,99,1612,1628,1612,1628,161.2,162.8,-76.98000000000002,-64.73,12.250000000000012,150.0625000000003
particle2,1.599999999999909,100,1628,1644,1628,1644,162.8,164.4,-64.73,-64.4,0.32999999999999174,0.10889999999999456
particle2,1.599999999999909,101,1644,1660,1644,1660,164.4,166.0,-64.4,-52.940000000000005,11.460000000000003,131.33160000000007
particle2,1.599999999999909,102,1660,1676,1660,1676,166.0,167.6,-52.940000000000005,-45.67,7.270000000000003,52.85290000000005
particle2,1.599999999999909,103,1676,1692,1676,1692,167.6,169.2,-45.67,-38.190000000000005,7.479999999999996,55.95039999999994
particle2,1.599999999999909,104,1692,1708,1692,1708,169.2,170.8,-38.190000000000005,-33.230000000000004,4.96,24.6016
particle2,1.599999999999909,105,1708,1724,1708,1724,170.8,172.4,-33.230000000000004,-41.17,-7.939999999999995,63.04359999999992
particle2,1.599999999999909,106,1724,1740,1724,1740,172.4,174.0,-41.17,-42.02,-0.8500000000000003,0.7225000000000005
particle2,1.599999999999909,107,1740,1756,1740,1756,174.0,175.6,-42.02,-44.35,-2.3299999999999996,5.428899999999998
particle2,1.599999999999909,108,1756,1772,1756,1772,175.6,177.2,-44.35,-36.28,8.070000000000002,65.12490000000004
particle2,1.599999999999909,109,1772,1788,1772,1788,177.2,178.8,-36.28,-41.25,-4.9700000000000015,24.700900000000015
particle2,1.599999999999909,110,1788,1804,1788,1804,178.8,180.4,-41.25,-51.150000000000006,-9.900000000000004,98.01000000000008
particle2,1.599999999999909,111,1804,1820,1804,1820,180.4,182.0,-51.150000000000006,-45.68,5.470000000000007,29.920900000000074
particle2,1.599999999999909,112,1820,1836,1820,1836,182.0,183.6,-45.68,-47.45,-1.7700000000000051,3.132900000000018
particle2,1.599999999999909,113,1836,1852,1836,1852,183.6,185.2,-47.45,-48.11,-0.659999999999997,0.4355999999999961
particle2,1.599999999999909,114,1852,1868,1852,1868,185.2,186.8,-48.11,-50.03,-1.920000000000002,3.6864000000000074
particle2,1.599999999999909,115,1868,1884,1868,1884,186.8,188.4,-50.03,-37.65,12.38,153.26440000000002
particle2,1.599999999999909,116,1884,1900,1884,1900,188.4,190.0,-37.65,-27.52,10.129999999999999,102.61689999999999
particle2,1.599999999999909,117,1900,1916,1900,1916,190.0,191.6,-27.52,-29.069999999999997,-1.549999999999997,2.4024999999999905
particle2,1.599999999999909,118,1916,1932,1916,1932,191.6,193.2,-29.069999999999997,-16.97,12.1,146.41
particle2,1.599999999999909,119,1932,1948,1932,1948,193.2,194.8,-16.97,-3.705,13.264999999999999,175.96022499999998
particle2,1.599999999999909,120,1948,1964,1948,1964,194.8,196.4,-3.705,-2.058,1.647,2.712609
particle2,1.599999999999909,121,1964,1980,1964,1980,196.4,198.0,-2.058,-13.180000000000001,-11.122000000000002,123.69888400000004
particle2,1.599999999999909,122,1980,1996,1980,1996,198.0,199.6,-13.180000000000001,-16.86,-3.68,13.5424
particle2,1.599999999999909,123,1996,2012,1996,2012,199.6,201.2,-16.86,-8.936,7.924,62.789776
particle2,1.599999999999909,124,2012,2028,2012,2028,201.2,202.8,-8.936,-13.370000000000001,-4.434,19.660356
particle2,1.599999999999909,125,2028,2044,2028,2044,202.8,204.4,-13.370000000000001,-15.17,-1.7999999999999996,3.2399999999999984
particle2,1.599999999999909,126,2044,2060,2044,2060,204.4,206.0,-15.17,-34.25000000000001,-19.080000000000005,364.04640000000023
particle2,1.599999999999909,127,2060,2076,2060,2076,206.0,207.6,-34.25000000000001,-35.49999999999999,-1.2499999999999898,1.5624999999999745
particle2,1.599999999999909,128,2076,2092,2076,2092,207.6,209.2,-35.49999999999999,-44.81000000000001,-9.310000000000011,86.6761000000002
particle2,1.599999999999909,129,2092,2108,2092,2108,209.2,210.8,-44.81000000000001,-42.05,2.7600000000000073,7.61760000000004
particle2,1.599999999999909,130,2108,2124,2108,2124,210.8,212.4,-42.05,-55.32,-13.27,176.0929
particle2,1.599999999999909,131,2124,2140,2124,2140,212.4,214.0,-55.32,-66.02,-10.699999999999996,114.48999999999991
particle2,1.599999999999909,132,2140,2156,2140,2156,214.0,215.6,-66.02,-66.77,-0.7500000000000047,0.562500000000007
particle2,1.599999999999909,133,2156,2172,2156,2172,215.6,217.2,-66.77,-71.91000000000001,-5.140000000000009,26.419600000000088
particle2,1.599999999999909,134,2172,2188,2172,2188,217.2,218.8,-71.91000000000001,-72.38,-0.46999999999998704,0.22089999999998783
particle2,1.599999999999909,135,2188,2204,2188,2204,218.8,220.4,-72.38,-71.17,1.2099999999999969,1.4640999999999924
particle2,1.599999999999909,136,2204,2220,2204,2220,220.4,222.0,-71.17,-70.33,0.8399999999999987,0.7055999999999979
particle2,1.599999999999909,137,2220,2236,2220,2236,222.0,223.6,-70.33,-74.21999999999998,-3.8899999999999917,15.132099999999935
particle2,1.599999999999909,138,2236,2252,2236,2252,223.6,225.2,-74.21999999999998,-64.69,9.53,90.8209
particle2,1.599999999999909,139,2252,2268,2252,2268,225.2,226.8,-64.69,-66.01,-1.3200000000000076,1.7424000000000202
particle2,1.599999999999909,140,2268,2284,2268,2284,226.8,228.4,-66.01,-60.37,5.640000000000001,31.809600000000007
particle2,1.599999999999909,141,2284,2300,2284,2300,228.4,230.0,-60.37,-73.23,-12.860000000000003,165.37960000000007
particle2,1.599999999999909,142,2300,2316,2300,2316,230.0,231.6,-73.23,-81.44000000000001,-8.210000000000004,67.40410000000007
particle2,1.599999999999909,143,2316,2332,2316,2332,231.6,233.2,-81.44000000000001,-87.14,-5.6999999999999895,32.48999999999988
particle2,1.599999999999909,144,2332,2348,2332,2348,233.2,234.8,-87.14,-85.46,1.6799999999999975,2.8223999999999916
particle2,1.599999999999909,145,2348,2364,2348,2364,234.8,236.4,-85.46,-83.29,2.1699999999999875,4.708899999999946
particle2,1.599999999999909,146,2364,2380,2364,2380,236.4,238.0,-83.29,-85.74000000000001,-2.4499999999999917,6.0024999999999595
particle2,1.599999999999909,147,2380,2396,2380,2396,238.0,239.6,-85.74000000000001,-80.19,5.549999999999999,30.802499999999988
particle2,1.599999999999909,148,2396,2412,2396,2412,239.6,241.2,-80.19,-87.26,-7.0699999999999985,49.98489999999998
particle2,1.599999999999909,149,2412,2428,2412,2428,241.2,242.8,-87.26,-88.59,-1.3300000000000025,1.7689000000000066
particle2,1.599999999999909,150,2428,2444,2428,2444,242.8,244.4,-88.59,-77.69,10.900000000000007,118.81000000000016
